timestamp_ms,temp,humidity,nh3,hours_remaining
0,24.550759994152482,60.68589014450486,3.602369439803845,48.0
120000,24.83123838655025,60.35272741520332,3.3807391749041438,47.96664350243225
240000,25.085830215763185,59.77933115294531,3.252736606009193,47.93328700486449
360000,25.318287638900852,60.6925031267441,3.7709946892737025,47.89993050729673
480000,24.873952536915226,60.64507916479884,1.6931869067988436,47.86657400972898
600000,25.688957134753185,60.792809126270186,2.739235889682327,47.83321751216123
720000,25.095070506394606,60.006133727503276,2.1679765967990963,47.79986101459347
840000,25.63565322452102,59.316440157733325,2.3019341648555263,47.76650451702571
960000,25.198199776437782,61.02286413258225,3.36585693411299,47.73314801945796
1080000,25.8069200731241,59.79396885134626,3.713404167502233,47.699791521890205
1200000,24.99220639646461,60.556292719189834,2.7897867589119905,47.666435024322446
1320000,25.63316597047803,60.37662011447411,2.7904471204270656,47.63307852675469
1440000,24.73820503976932,60.524601766607354,1.985814933129909,47.599722029186935
1560000,24.658241163242312,58.76511559526609,3.090069958725722,47.566365531619184
1680000,24.79033963962174,60.72945900598056,3.311061060165472,47.533009034051425
1800000,25.62142419634295,60.188840094480014,2.848293893467843,47.499652536483666
1920000,25.666533479056557,61.14086703527904,3.269430229305545,47.466296038915914
2040000,25.53426765696601,61.75840377843122,3.1508649439650944,47.43293954134816
2160000,25.442761547967173,60.8777976732081,3.682681924362379,47.3995830437804
2280000,25.999675455113646,60.60014831948288,2.861476852948629,47.366226546212644
2400000,25.36242151954193,61.459468200288484,2.775173874973011,47.33287004864489
2520000,25.57150376241007,60.914808316326834,2.725454286099786,47.29951355107714
2640000,25.02812653379313,60.875142401823354,3.5092633125279376,47.26615705350938
2760000,25.07767439077987,61.14653167339197,2.882787237670777,47.23280055594162
2880000,26.046794753946585,60.398003482811134,2.5754091049739087,47.19944405837387
3000000,25.351999103113865,58.9452772325259,2.776225235839247,47.16608756080612
3120000,25.962203906703156,60.36648504522907,3.065831661934979,47.13273106323836
3240000,25.56742032130084,61.42662686644142,3.098107272384522,47.0993745656706
3360000,25.736114498754144,59.97162741656296,2.6567842789079927,47.06601806810285
3480000,25.34084622932871,60.10266365426036,3.8214839442576345,47.0326615705351
3600000,26.172887508298658,60.1617566061574,2.894065227837144,46.99930507296734
3720000,26.39652179906601,61.54787763038238,2.5189401560237283,46.96594857539958
3840000,25.950378199827604,59.92815798304951,2.7194088545725634,46.93259207783183
3960000,25.580041543860453,59.428112562897056,2.855711365757152,46.899235580264076
4080000,26.108885467250666,60.829970450824774,2.636293858248908,46.86587908269632
4200000,25.33271989791915,61.58984740747851,2.9394240185750693,46.83252258512856
4320000,26.29867709617891,61.45195289392278,3.4915347533275827,46.799166087560806
4440000,25.670209728241783,61.03184819326861,3.5752122600426857,46.765809589993054
4560000,26.00028209049146,60.2135659576763,2.890317771349096,46.732453092425295
4680000,25.70279009950116,61.81574196053832,3.0949378724072893,46.69909659485754
4800000,25.98368268930278,62.38515313123894,3.059715091035387,46.665740097289785
4920000,25.083778822435303,62.85494539628007,3.666904388889911,46.63238359972203
5040000,25.72954927841627,58.6932195043699,3.8743856913046693,46.599027102154274
5160000,25.77878015467402,61.22930820658615,2.2342971648640177,46.565670604586515
5280000,25.501747249718793,62.65786673768857,3.249654913263131,46.53231410701876
5400000,24.877757122776107,61.81609852711022,3.382764794268258,46.49895760945101
5520000,25.39197654805678,63.346812412237526,4.347825760230193,46.46560111188325
5640000,24.870762594907426,60.18766842319435,3.806246804435384,46.43224461431549
5760000,25.805236504871534,61.429162868894245,3.09738211160396,46.39888811674774
5880000,26.01849502805514,60.85907524663183,3.346557517032064,46.36553161917999
6000000,26.323665006313323,60.712211594708414,3.848443621374915,46.33217512161223
6120000,25.984306487198022,60.93229503828656,3.944638602942442,46.29881862404447
6240000,25.71577122964363,59.574330025166745,2.7757881976530614,46.26546212647672
6360000,26.045070012540123,59.95222412390268,2.575344535967515,46.23210562890897
6480000,25.88745667582441,60.45493830353034,3.2418183087135453,46.19874913134121
6600000,25.344051341673005,62.32821671563979,3.1728304863303824,46.16539263377345
6720000,26.158739328163712,59.74601725061822,2.534241071161482,46.1320361362057
6840000,26.037362000927434,59.093594097986966,2.391887898200378,46.09867963863795
6960000,26.05260954190825,61.4011305659313,3.288841319017033,46.06532314107019
7080000,26.872911712314338,60.834279336649026,3.2853650528553793,46.03196664350243
7200000,25.669161879496272,62.21519428854481,2.81956098049031,45.99861014593468
7320000,25.784253213716653,59.960859069214116,2.951106555466868,45.965253648366925
7440000,25.711051992467585,62.303099487025285,3.331847887842202,45.931897150799166
7560000,26.958459190459504,62.98951271055949,3.1384753139324553,45.89854065323141
7680000,25.768798530627517,61.19022081967144,3.510542482523795,45.865184155663655
7800000,25.412382945388398,61.37143936287016,3.1930330894960326,45.831827658095904
7920000,26.532383092937547,62.62398569217854,3.2659837578731254,45.798471160528145
8040000,26.221811133931237,59.70403047033735,3.4557305627765884,45.765114662960386
8160000,25.391670235870354,59.95740460715669,2.738618321555319,45.731758165392634
8280000,25.774411803871875,61.55018666009426,2.9077420372140295,45.69840166782488
8400000,26.5734919430195,62.05390491240373,3.2842315096550614,45.66504517025712
8520000,27.582664866401792,62.37262032646589,3.463131560706864,45.631688672689364
8640000,25.858584791127683,61.69342220216133,2.8231633859368275,45.59833217512161
8760000,25.55735295960076,59.5867123345117,3.682311616600144,45.56497567755386
8880000,26.554903230248552,61.24152414160593,2.794079951153008,45.5316191799861
9000000,26.440098282238967,60.47570771147637,3.09960847420346,45.49826268241834
9120000,26.148125339415877,62.33856912058145,3.0512062121979198,45.46490618485059
9240000,25.85018748681976,60.62047664734129,4.22690049848305,45.43154968728284
9360000,26.284068149501945,60.0270152682153,3.2736616074401805,45.39819318971508
9480000,25.51446205472005,60.501057697483986,2.799791369687093,45.36483669214732
9600000,25.921256250782932,61.81971849145143,3.4344904038162096,45.33148019457957
9720000,24.512078713748473,60.597972727067194,3.0745390804120625,45.29812369701182
9840000,26.703022617548978,62.905855759722556,3.6288268271060193,45.26476719944406
9960000,25.668033649359725,62.19895159053381,3.230366848783018,45.2314107018763
10080000,25.82717296779187,62.52827134077522,4.055304173537999,45.19805420430855
10200000,26.386222561182553,63.07869087533347,3.1744096335695264,45.164697706740796
10320000,26.014288270445665,61.292398483748244,3.203922703792404,45.13134120917304
10440000,25.961665837599035,61.47860751816827,3.6968619643627094,45.09798471160528
10560000,26.543499692481856,61.904058097380826,3.276642766137095,45.064628214037526
10680000,26.335423106187683,60.33528908022058,3.8189798938521693,45.031271716469774
10800000,26.728579937057667,62.90029977636481,3.934997815001501,44.997915218902016
10920000,25.951129542763635,61.51456410310058,3.2974430612744574,44.96455872133426
11040000,26.35486702258803,62.23250987498089,3.745148774678746,44.931202223766505
11160000,26.479890378462525,59.66048973228937,3.352174777636808,44.89784572619875
11280000,25.970299589793356,61.38089803703604,3.0184782905008323,44.864489228630994
11400000,26.426682059482975,62.76602401127653,3.81204046394302,44.831132731063235
11520000,26.363896980822993,63.7674711471215,2.922161438187113,44.79777623349548
11640000,26.357331453713016,61.150762714819486,3.752910981910703,44.76441973592773
11760000,26.394664714268995,63.50884031289061,4.009715758375736,44.73106323835997
11880000,25.10997689299579,61.22861216881122,3.3394221556772097,44.69770674079221
12000000,26.985451367262282,62.943448705143254,3.899868964423669,44.66435024322446
12120000,25.88877609077683,62.33314750088953,2.776735753782908,44.63099374565671
12240000,26.941265857284776,61.072699482921415,3.9424840381647295,44.59763724808895
12360000,26.428389831681514,62.952929550519855,2.8814124049442507,44.56428075052119
12480000,27.230614398577867,61.26355291074521,4.131011488734,44.53092425295344
12600000,26.458776525707215,61.094821430083925,3.5080557517904913,44.49756775538569
12720000,26.861794508334484,60.14651299657161,2.8327122711922708,44.46421125781793
12840000,27.357040226648234,61.912608873904,2.7539838044265754,44.43085476025017
12960000,26.482213379581324,62.12916897211823,3.4740316151868362,44.39749826268242
13080000,26.044123465031383,61.34532653383512,3.2461799530678204,44.36414176511467
13200000,27.903978061810374,61.68905702107161,3.569482630711441,44.33078526754691
13320000,26.335725772291237,62.711178858869204,3.599201275537427,44.29742876997915
13440000,27.04578526488176,60.65299401229649,2.6809622116257406,44.2640722724114
13560000,27.133385304671133,60.76505893695434,4.061890975578842,44.230715774843645
13680000,26.298592128551817,62.011845423075584,3.394869005703047,44.197359277275886
13800000,25.99707639216931,61.83443348553101,5.169341635010424,44.16400277970813
13920000,26.726266977241586,60.4749464656605,3.8383479229330373,44.130646282140376
14040000,25.815983083075302,62.46811583343052,2.288559612468571,44.097289784572624
14160000,26.797387389304696,61.20808316731319,2.628504030621825,44.063933287004865
14280000,26.95409744178313,63.18537547797121,3.2859254032440504,44.030576789437106
14400000,27.142755858365074,60.71347422769982,1.5594433696459493,43.997220291869354
14520000,27.408805451399875,59.325364818772314,3.636700259919418,43.9638637943016
14640000,26.606514098746647,62.299180288200496,3.5294464755823394,43.93050729673384
14760000,26.090379553332063,61.98224342846304,3.3668781157238197,43.897150799166084
14880000,26.57843753969951,62.717776023958436,3.6281071204648314,43.86379430159833
15000000,27.923570003624718,61.09442609756017,3.0820818224661073,43.83043780403058
15120000,26.99712212951983,61.883868694946536,3.3039099051101837,43.79708130646282
15240000,26.957740138780622,62.68516463219536,3.4018833173746863,43.76372480889506
15360000,27.11629863201651,60.89354792644028,2.8346757565032936,43.73036831132731
15480000,27.08765318216054,62.96681867273051,3.4394814374187304,43.69701181375956
15600000,26.93405577658643,62.85930250444367,2.858057506012313,43.6636553161918
15720000,27.35757254301016,62.715445526003656,4.1565249292902955,43.63029881862404
15840000,27.52368757194491,62.37969193977678,3.132569683585305,43.59694232105629
15960000,27.430336464110145,61.458841349758714,3.6326391675750727,43.56358582348854
16080000,26.918196461733434,60.843354954958876,3.1737769919136958,43.53022932592078
16200000,27.008764540687686,61.603547920782525,2.937083067534656,43.49687282835302
16320000,26.851381512266332,62.087221225248236,3.7832199620654907,43.46351633078527
16440000,28.138038129489576,62.02589059038537,2.9957835469036804,43.430159833217516
16560000,27.12621315479029,62.73596821523955,3.504231231869968,43.39680333564976
16680000,26.671187643488846,63.71263917582592,3.347367004816013,43.363446838082
16800000,27.10333960936441,62.438198568093036,4.111403348806476,43.330090340514246
16920000,26.94187073956142,62.668719148540056,3.393530627012368,43.296733842946495
17040000,26.898208890476685,61.98847332152894,3.0337527866801834,43.263377345378736
17160000,26.103321060554197,62.0088804958977,3.3050971577264456,43.23002084781098
17280000,26.63617484577731,63.317302808191066,3.3196294646316917,43.196664350243225
17400000,27.147769503721413,62.19755401296773,3.145004021071922,43.16330785267547
17520000,27.277029299255084,63.09987241014731,2.5310505142673727,43.129951355107714
17640000,27.734198904207734,62.190093480370635,2.739185191508557,43.096594857539955
17760000,27.13970223373088,62.96877836482349,2.1193578714074217,43.0632383599722
17880000,27.120356368970803,63.23387783054706,2.8848352509883894,43.02988186240445
18000000,26.916497849624477,61.57662638815386,3.28513249780765,42.99652536483669
18120000,26.977424549006678,61.99728253109561,3.531384435019995,42.963168867268934
18240000,27.3467456672422,63.058187875428516,3.6434443565736228,42.92981236970118
18360000,26.948241893423223,62.44847302792545,2.9873984328493943,42.89645587213343
18480000,27.482161483579823,63.3666202815793,3.871712051531606,42.86309937456567
18600000,27.401136000038303,63.82962732573327,3.306653114319369,42.82974287699791
18720000,27.50618064618406,61.80412095613149,3.040890618287298,42.79638637943016
18840000,27.7795303212629,61.23863087569167,2.5942839889865223,42.76302988186241
18960000,26.341486910397737,61.87393592133558,2.9110875847949296,42.72967338429465
19080000,26.624186565651044,61.10820501321202,2.4436079234378867,42.69631688672689
19200000,27.071444032674883,63.443907775546435,3.968840414417912,42.66296038915914
19320000,27.34072495007337,62.525121697254946,4.018308660591643,42.62960389159139
19440000,27.16505276891587,64.33253807098309,2.798184871935325,42.59624739402363
19560000,26.197410515429002,63.15926726253561,3.8491799204433224,42.56289089645587
19680000,26.699004189065864,62.93585316005451,3.889439923805523,42.52953439888812
19800000,27.63205823184492,61.71887544554868,3.212288783979175,42.496177901320365
19920000,27.71941110031306,62.05431272994291,3.6039658774285352,42.462821403752606
20040000,26.885305759319092,61.16931084858055,2.9675725148121512,42.42946490618485
20160000,27.465650125650114,63.92462829768582,3.1953804817297677,42.396108408617096
20280000,27.283657725999277,62.33506219651773,2.781563960733471,42.362751911049344
20400000,26.615517192210675,62.5854979163334,2.924203925572261,42.329395413481585
20520000,27.192505120835804,63.2483644959095,3.646354306558019,42.296038915913826
20640000,27.430686498299483,63.47709484165755,2.6814719209527316,42.262682418346074
20760000,27.22703175536795,63.434609872978356,2.930515359078864,42.22932592077832
20880000,27.70329467456291,62.542551689574374,3.9108270795187505,42.19596942321056
21000000,27.142538878476483,64.3248553349629,3.75764593323115,42.162612925642804
21120000,26.35094731748223,63.751507998699104,3.170986934478379,42.12925642807505
21240000,28.098086002939205,63.855177694806756,3.5036066513139374,42.0958999305073
21360000,26.997940756686145,61.797347738173414,2.9090748457552458,42.06254343293954
21480000,27.952598455923834,63.858181502770314,3.6622015712203257,42.02918693537178
21600000,27.366520673147665,63.927248918955314,4.426276075880466,41.99583043780403
21720000,26.74606309757212,62.08205192064322,4.048487108503497,41.96247394023628
21840000,27.36955832874159,62.25886658956057,3.4567464496293607,41.92911744266852
21960000,27.80862398794279,61.01219409185853,3.5727218369085687,41.89576094510076
22080000,26.985310121346938,62.21780778183418,3.0176115802793033,41.86240444753301
22200000,25.951139716717503,63.59895289622927,3.1734809993024142,41.82904794996526
22320000,26.90448321811106,62.16889441011621,2.420027002148011,41.7956914523975
22440000,27.226062752369625,64.18831915790507,4.61304269817025,41.76233495482974
22560000,27.511548701376817,63.410165917859395,3.330301121567088,41.72897845726199
22680000,27.107358716278465,62.8409200597126,3.95174402803101,41.695621959694236
22800000,27.368677637702035,61.60137182259709,3.5927223950745395,41.66226546212648
22920000,27.45360342795883,62.12779749274763,3.6046876499273397,41.62890896455872
23040000,26.63976976558524,65.55835451718293,3.977372617393896,41.595552466990966
23160000,26.99349449621515,64.04026076461624,3.2792464520494398,41.562195969423215
23280000,27.64243941316987,63.22774631756037,2.423604540501245,41.528839471855456
23400000,27.111547041001685,63.064565471702885,4.099957411380968,41.4954829742877
23520000,26.322921159755335,64.10861799695653,2.541937498098635,41.462126476719945
23640000,27.42091257560049,61.36242370684261,3.7229917993683865,41.42876997915219
23760000,26.554725772936674,61.71824404901731,3.5295455339706376,41.395413481584434
23880000,26.859111708861317,65.72093604258193,3.1408602945257322,41.362056984016675
24000000,26.63099364161049,63.83306271392942,3.238051327540408,41.32870048644892
24120000,25.30797309534884,63.88813900866721,3.2530900211284726,41.29534398888117
24240000,26.643808709258224,63.10441939279753,3.0137704433738035,41.26198749131341
24360000,27.12339245945219,64.45588083897715,4.4005293345888035,41.228630993745654
24480000,27.025869514909846,64.40068126122267,3.9324117624391213,41.1952744961779
24600000,27.55193915619332,62.586214352840514,3.6645516249952568,41.16191799861015
24720000,26.10244243206928,63.142952125956754,3.939660189492383,41.12856150104239
24840000,27.20568987395262,63.07930108939926,4.00578762819388,41.09520500347463
24960000,27.068307008787972,63.982779058099844,2.817708036066014,41.06184850590688
25080000,27.284655179779527,62.86650869960219,4.237760525584222,41.02849200833913
25200000,26.460194487574018,64.22563344015416,4.247230069237312,40.99513551077137
25320000,27.2365957593308,63.77502827550137,3.16810989445312,40.96177901320361
25440000,26.399855362236757,62.94009293215509,3.797361125718592,40.92842251563586
25560000,27.397968474599516,61.9956892728708,4.415739729130072,40.89506601806811
25680000,28.088197164935416,63.445248743276125,3.068410136682083,40.86170952050035
25800000,25.663555636204855,64.12670817014734,3.2306267719906776,40.82835302293259
25920000,27.213486607286153,62.75238170529445,4.597789759531705,40.79499652536484
26040000,27.85608134523766,62.70742824794869,4.244023286895492,40.761640027797085
26160000,26.346093018492553,65.6165863968019,4.570175994673669,40.72828353022933
26280000,26.45169616739736,64.40864928114075,3.2393306191204347,40.69492703266157
26400000,26.653262440165722,63.899382848005494,4.388308046363403,40.661570535093816
26520000,26.574763720572314,61.97939776164026,4.128015964026517,40.628214037526064
26640000,26.963049817596932,63.91396067355333,3.3556391902625875,40.594857539958305
26760000,27.37353740712235,66.05105159283386,4.350628745240035,40.561501042390546
26880000,27.04146964969812,63.39009632667637,4.6156867786960944,40.528144544822794
27000000,27.877073283423037,63.64387294561678,4.321258133848328,40.49478804725504
27120000,26.619781652760807,63.800255397867886,4.60662866387111,40.46143154968728
27240000,27.566785324485384,63.75941323569301,3.6618864202724253,40.428075052119524
27360000,27.277642468742737,66.15760646567908,3.8100119249874553,40.39471855455177
27480000,27.3268053842524,63.09038267409415,2.894435776540855,40.36136205698402
27600000,26.65885847583641,64.32448448161087,3.888404835595891,40.32800555941626
27720000,27.64166211022758,63.73826221436277,3.5208470258332967,40.2946490618485
27840000,26.556412500470394,63.3711987686555,4.447614298346098,40.26129256428075
27960000,27.337360568061456,65.07045392786759,4.29938726460012,40.227936066713
28080000,27.363854268128513,63.432275067820875,4.149812633369925,40.19457956914524
28200000,26.52491745513181,62.55240700595129,3.8437702239318026,40.16122307157748
28320000,26.21740286924304,64.56661450724201,3.4468526488633713,40.12786657400973
28440000,26.026624652820033,63.264654183946455,3.876312964489347,40.09451007644198
28560000,26.798806462832328,63.0931016723782,3.233723897490396,40.06115357887422
28680000,27.121652383274174,64.28488577741813,4.132405563388643,40.02779708130646
28800000,26.098691162580984,64.06872317261403,4.021594638875056,39.99444058373871
28920000,26.643653058210788,65.37292181224545,4.285894189790364,39.961084086170956
29040000,27.177301701937363,64.5200687499261,4.116653873550521,39.9277275886032
29160000,26.504292493083366,63.8972945440881,3.4901728898490525,39.89437109103544
29280000,25.896872574233626,65.9297759048815,4.0002115568333725,39.86101459346769
29400000,26.341226127250803,63.87603685489545,3.707777021644776,39.827658095899935
29520000,26.800522922837253,64.06538996732344,3.31358420692776,39.794301598332176
29640000,26.362389860202352,64.76482525875824,3.8123878369737776,39.76094510076442
29760000,25.73712254355305,63.86554016252365,4.11610479927975,39.727588603196665
29880000,26.783328149103742,63.17646628602039,3.755293234203415,39.69423210562891
30000000,26.88974874411095,64.13146553116451,4.279863305920657,39.660875608061154
30120000,26.913425420381824,65.05487904581125,3.668740991408772,39.627519110493395
30240000,26.224195885296595,63.8175638928353,4.244012208705439,39.59416261292564
30360000,26.4167489601746,64.26813228332097,3.4171865431064785,39.56080611535789
30480000,26.129330242519607,64.03393638181203,4.142563895338317,39.52744961779013
30600000,26.306541678131342,64.93902809032171,4.162782439163512,39.494093120222374
30720000,26.876306563257927,64.99669625193954,3.91279079230778,39.46073662265462
30840000,26.519080746801137,63.81019159275601,4.442626739458829,39.42738012508687
30960000,26.533158357528414,63.07611834742717,4.169335966959238,39.39402362751911
31080000,26.71261907995772,61.699529945096025,4.437435496504146,39.36066712995135
31200000,27.054186249112423,63.71374453168285,3.171682008504285,39.3273106323836
31320000,26.290704505801806,66.41118592220836,4.579980075234709,39.29395413481585
31440000,26.492137244871206,64.14078702504338,3.448585724316977,39.26059763724809
31560000,26.49562921764501,65.73984210118616,2.9612537835562596,39.22724113968033
31680000,26.56187069898029,62.368295889361605,4.125530588403909,39.19388464211258
31800000,25.868284320015036,65.90277372500418,4.135978319218058,39.16052814454483
31920000,27.13091671841532,64.92715112591064,4.432275632476383,39.12717164697707
32040000,25.614979606607665,65.06996741505367,3.6823392144819485,39.09381514940931
32160000,26.556641127281406,62.93739219445709,3.741689154880757,39.06045865184156
32280000,26.196345688156605,64.6387311733496,4.186785338937024,39.027102154273805
32400000,26.19954994776611,65.44263653938035,4.243853586193473,38.99374565670605
32520000,26.723576626567727,64.63324797680613,4.119958225197658,38.96038915913829
32640000,26.418116565063986,64.88291762469005,3.4002658391036387,38.927032661570536
32760000,26.023299821265965,65.0521970275608,4.605678781619875,38.893676164002784
32880000,26.189936338024218,64.97152600380731,3.0371718798698084,38.860319666435025
33000000,26.403224456659977,65.13631044890901,4.086249508086546,38.826963168867266
33120000,27.27697173477296,64.0963109131584,3.87649218400821,38.793606671299514
33240000,26.08585298040474,63.82947864738146,4.286386317005409,38.76025017373176
33360000,26.8142843406709,63.7940642946639,4.48374189288695,38.726893676164
33480000,26.01556783798451,66.05452494880993,4.997677482101427,38.693537178596245
33600000,26.629512142287798,65.6648318358997,3.5757673168556545,38.66018068102849
33720000,27.295332053837225,64.6204073041523,3.670141657047962,38.62682418346074
33840000,26.50903755925964,65.42609665353453,4.113583040364426,38.59346768589298
33960000,25.518721747423065,65.66526519534284,4.289255520486766,38.56011118832522
34080000,26.312425647015903,65.03412317197748,3.8973021661358667,38.52675469075747
34200000,26.53572146819293,66.58695602244552,3.916178989526028,38.49339819318972
34320000,26.32347948440618,63.550181615832784,4.843708673130135,38.46004169562196
34440000,25.872815363549453,63.82280152795504,4.001143857826212,38.4266851980542
34560000,25.417706094240952,66.62780699409339,3.7876264346544364,38.39332870048645
34680000,26.271652837764343,65.63169432003197,3.8412877107267986,38.3599722029187
34800000,25.440316656881233,65.12864110752174,4.878970225569672,38.32661570535094
34920000,25.885883644484814,64.64365499621096,3.775263870233986,38.29325920778318
35040000,26.515040202891754,66.01102116465226,4.214288826858975,38.25990271021543
35160000,26.843418484096656,66.23773376808458,4.73983075730901,38.226546212647676
35280000,25.93962305348101,64.87188574745868,4.014492267728445,38.19318971507992
35400000,26.267871759211314,62.576458967522456,3.718595340941991,38.15983321751216
35520000,26.289481905178278,65.44472798344135,4.180401980250187,38.12647671994441
35640000,25.922950589527172,65.89774644052733,3.82326438328328,38.093120222376655
35760000,27.149626023969468,65.29996963503747,3.576415412919955,38.059763724808896
35880000,26.014304713130095,66.173092592724,4.985054529674036,38.02640722724114
36000000,26.04700203784309,64.38963741170475,3.6866721136640064,37.993050729673385
36120000,26.186618689513846,65.11935555890099,3.5196110753184127,37.95969423210563
36240000,26.558644623119456,66.38438242600846,3.310201859916889,37.926337734537874
36360000,25.962986796397633,63.79996822206436,3.755482412044886,37.892981236970115
36480000,26.00513915020934,64.51741175823132,3.775465186798644,37.85962473940236
36600000,25.26163744221831,65.32039030758335,4.595995689508556,37.82626824183461
36720000,25.30143426942594,65.31739232690981,4.196562078001997,37.79291174426685
36840000,25.885091726715793,66.2060263046797,4.649712753317545,37.759555246699094
36960000,26.069442830457596,65.57161835719238,4.547225127873467,37.72619874913134
37080000,26.159459357049403,63.4340871485439,3.887943969299997,37.69284225156359
37200000,26.752675101763113,63.80107811024375,3.978188427723579,37.65948575399583
37320000,25.244652815353035,66.08620348837523,4.314196297636463,37.62612925642807
37440000,25.74273378388875,64.85099187485135,3.7459395478679283,37.59277275886032
37560000,26.16633649833526,67.06719627987508,3.709837880543405,37.55941626129257
37680000,25.521778989010343,66.7693768397362,4.414929371315144,37.52605976372481
37800000,26.34030954642904,65.3587247216481,4.498226766618378,37.49270326615705
37920000,26.436211551687457,66.37848681211416,4.813462062396116,37.4593467685893
38040000,25.688149488965525,66.11053087059446,4.062386156483494,37.42599027102155
38160000,26.332569375330863,65.4704379691401,4.144671733326809,37.39263377345379
38280000,26.72593222179786,67.89472730478344,3.434673423236064,37.35927727588603
38400000,26.592088472720196,65.67125753308162,3.5222208558982526,37.32592077831828
38520000,25.084668138524133,64.23283049858381,3.7925181343405963,37.292564280750526
38640000,25.49951571777898,65.25954282623808,5.12646229036846,37.25920778318277
38760000,25.28360100291475,66.22328845059224,3.926392496497923,37.22585128561501
38880000,25.611698279751632,65.17352875552425,3.9728770624477687,37.192494788047256
39000000,24.88218050253179,65.78494991123713,3.272376801051156,37.159138290479504
39120000,25.44136446078001,66.3783089033247,4.4195393705024575,37.125781792911745
39240000,24.93439351724858,63.95584222107296,4.506080513823878,37.092425295343986
39360000,25.597412710329323,65.65555256693887,4.14650736629432,37.059068797776234
39480000,25.642771422899884,66.09924917035791,3.7401135375835826,37.02571230020848
39600000,26.756261642862523,65.00723402643149,5.0281308293267655,36.99235580264072
39720000,25.841255818145296,63.84380924643177,4.413479273848915,36.958999305072965
39840000,24.81804766426611,66.20478974993912,4.1339765190286775,36.92564280750521
39960000,24.947164880410092,66.49631571541885,4.890054991283734,36.89228630993746
40080000,26.787963338791734,67.11635149432914,3.995267249795774,36.8589298123697
40200000,25.79551213370266,63.989852217723424,4.139725214452541,36.82557331480194
40320000,25.62180809663612,66.81547170968837,5.020299796129242,36.79221681723419
40440000,25.30325565760861,65.43369973166276,4.19023384824031,36.75886031966644
40560000,26.003309948712502,64.40005938452592,3.464029017255127,36.72550382209868
40680000,25.447820213118572,65.14653851001998,4.3272057457071735,36.69214732453092
40800000,24.96996543980915,67.34104546483138,4.2643244360958565,36.65879082696317
40920000,26.237323539451715,64.9874306125981,3.893498572037328,36.62543432939542
41040000,25.547770539082087,66.67152956503054,4.288582061450074,36.59207783182766
41160000,24.992714580710636,67.07252467758659,4.38565700668913,36.5587213342599
41280000,24.69334429617786,65.69725687608319,4.53447752182484,36.52536483669215
41400000,24.945788716832492,64.9130847072188,4.215720198666084,36.492008339124396
41520000,25.120435841880717,65.98995809658663,4.171022208579603,36.45865184155664
41640000,25.709042057711642,66.19859964377717,4.576448303500627,36.42529534398888
41760000,25.585023225504685,65.40173651609857,3.5998800638324737,36.39193884642113
41880000,24.689368142516194,65.67109601265611,4.629851094339235,36.358582348853375
42000000,25.121723869734733,66.55832102876637,4.834988059017182,36.325225851285616
42120000,25.016428874304744,66.9902325303097,4.60786460201713,36.29186935371786
42240000,26.0977299665455,66.27279212092431,5.008222697171183,36.258512856150105
42360000,25.390805245429725,65.25445652490654,4.9299910933280895,36.22515635858235
42480000,25.614086998627908,66.34907438701286,4.819884439205604,36.191799861014594
42600000,25.110933830628845,67.56628324353699,4.328942953569738,36.158443363446835
42720000,25.63971662491168,65.68278342824969,3.6295975481447633,36.125086865879084
42840000,25.071635528520368,64.92441230526312,4.372267486022297,36.09173036831133
42960000,24.892802571959354,66.31823069723903,4.448890549485431,36.05837387074357
43080000,24.539561936528365,64.64834468205665,4.039116962418384,36.025017373175814
43200000,25.43970654756362,65.50121482788218,4.499991691645167,35.99166087560806
43320000,23.8479128020816,64.84500174108547,4.788815111658318,35.95830437804031
43440000,24.288635177864595,65.93670538036845,5.290037292059604,35.92494788047255
43560000,24.879634884728503,66.1474839319358,2.8583494069203326,35.89159138290479
43680000,25.231475240259332,67.15182884816737,4.176729532996979,35.85823488533704
43800000,25.16778316886729,67.00890088472579,3.957584470535942,35.82487838776929
43920000,25.075910411043843,65.74979078710945,3.4319031653032828,35.79152189020153
44040000,24.397439196218873,67.6214906255092,3.759913803348035,35.75816539263377
44160000,24.888424143021204,66.8943000069797,4.77161175630737,35.72480889506602
44280000,24.696342998799647,66.6705055792554,4.746906507296116,35.69145239749827
44400000,24.964963563977758,67.30337016547635,4.264306825597822,35.65809589993051
44520000,24.90217644830302,66.59953559184473,3.6816904809073754,35.62473940236275
44640000,25.030943419828304,66.664933640115,5.040185991530984,35.591382904795
44760000,25.189593552706228,67.35376461837707,4.535549619957825,35.558026407227246
44880000,25.2920048993251,65.63406259806577,4.148578989798548,35.52466990965949
45000000,24.938438206082715,66.94661182722312,4.619425646320801,35.49131341209173
45120000,25.469981616271955,67.03152263998373,3.633209651796686,35.457956914523976
45240000,24.971582830384225,66.81687221855248,5.189944581280006,35.424600416956224
45360000,25.057819906601775,65.12415310766536,4.451263009789906,35.391243919388465
45480000,24.73811951825479,64.28774930123554,4.779537335771831,35.357887421820706
45600000,24.061538943142676,66.78545215648653,4.25345651292371,35.324530924252954
45720000,25.33449472280249,68.00410000180152,4.6483428705614225,35.2911744266852
45840000,24.30348010119538,65.00459688360121,4.477115255508611,35.257817929117444
45960000,24.86470525631493,67.11739175619643,4.312422132898436,35.224461431549685
46080000,24.305404060429876,66.72059913606903,4.80410398669944,35.19110493398193
46200000,24.561619150764006,66.26583369227954,4.85250551521297,35.15774843641418
46320000,23.48372276367426,65.81059554853162,4.591962281254867,35.12439193884642
46440000,24.951066132361635,66.63715743517827,5.102177239206082,35.09103544127866
46560000,23.821830790418698,66.12252084757633,5.178650932470871,35.05767894371091
46680000,24.639142042941607,66.72002395681235,4.3238023919327935,35.02432244614316
46800000,24.928980873703594,68.30897262886016,5.724855237619112,34.9909659485754
46920000,24.39558706798384,66.98518010333723,4.206808280799744,34.95760945100764
47040000,23.90763206534592,67.61248939859948,4.46445272347506,34.92425295343989
47160000,23.441930999017895,65.89864966170727,3.4739492526048155,34.89089645587214
47280000,24.460901159535517,66.85108702547133,4.8449777347866965,34.85753995830438
47400000,24.243140385092897,66.94531810596942,4.348338425328083,34.82418346073662
47520000,24.584106247571718,68.24990341652142,3.5865017235855907,34.79082696316887
47640000,24.396194762656865,66.20241631125675,5.1773008367738305,34.757470465601116
47760000,24.381988462599182,67.13619212221532,4.271471199284786,34.72411396803336
47880000,24.676241139981872,65.78921610602549,4.365112422691576,34.6907574704656
48000000,24.258197266860577,66.96324252667945,5.2784693158671985,34.65740097289785
48120000,24.01384784018025,65.83046358713975,4.752528286833316,34.624044475330095
48240000,25.47662034685356,65.58497699245734,4.91107171742892,34.590687977762336
48360000,24.63731184680327,67.0109486700571,4.707826088859324,34.55733148019458
48480000,24.048849231416053,66.44911625872692,4.772163926424904,34.523974982626825
48600000,24.00148570985627,67.43864929782372,4.948403386310258,34.49061848505907
48720000,23.197626494383602,66.6883067710808,4.990138232211996,34.457261987491314
48840000,23.556384372405542,67.35457194140167,5.119973619027318,34.423905489923555
48960000,24.794117085702222,67.37853067626578,4.685974113467901,34.390548992355804
49080000,23.759454407567528,66.99995848762589,5.3605902156677665,34.35719249478805
49200000,23.72958515713687,66.66300351226144,4.901979546485061,34.32383599722029
49320000,22.962024575754064,67.26555395760296,4.759838860616906,34.290479499652534
49440000,24.130170679994876,66.53014785867244,5.325243210493129,34.25712300208478
49560000,24.558025129268753,66.56733139666537,4.810792391558302,34.22376650451703
49680000,24.406589991724548,67.02124645743677,5.042243356392314,34.19041000694927
49800000,24.199464062896787,65.9790485243359,4.482758335242718,34.15705350938151
49920000,22.831617334272167,65.99647590700485,4.527808123407933,34.12369701181376
50040000,24.238552533257092,66.79381775934063,5.81466267372423,34.09034051424601
50160000,23.499396206628706,66.5903925115781,4.458005277262325,34.05698401667825
50280000,23.50008125097576,67.58730563760435,5.056926687654108,34.02362751911049
50400000,25.34877269662583,69.20354582823883,4.087675834425292,33.99027102154274
50520000,24.43628230257171,68.13789805744346,4.7429707161128425,33.95691452397499
50640000,24.85461700041877,67.88110217434306,4.765954264508597,33.92355802640723
50760000,23.395790949751884,69.00854242466323,4.870321792524819,33.89020152883947
50880000,23.482802782143157,66.9115850593204,4.66005314415548,33.85684503127172
51000000,24.442992241750687,67.68075958375033,5.411694032799795,33.823488533703966
51120000,23.561175311109988,67.23044333884073,4.375699948534613,33.79013203613621
51240000,23.594110535121814,66.69199517857953,4.293205868789143,33.75677553856845
51360000,24.13529174822277,68.27753599499799,4.5009353000029755,33.723419041000696
51480000,23.048835840109575,67.8559518619973,4.949228217458604,33.690062543432944
51600000,23.842140096808745,68.67964745630935,4.887474935775327,33.656706045865185
51720000,25.081557595986045,66.51085322859736,4.272573024655326,33.623349548297426
51840000,24.097660314363676,68.52043412204159,5.474682519497359,33.589993050729674
51960000,23.775072644430736,67.2443781797645,5.257407036719481,33.55663655316192
52080000,23.692083788560947,67.40998246030227,4.997120389075179,33.523280055594164
52200000,22.229024069506764,68.88085720421523,3.9159354763524017,33.489923558026405
52320000,24.124882815963527,66.96482292147604,4.569135474632612,33.45656706045865
52440000,24.27751297965961,67.695755027318,5.287661768106986,33.4232105628909
52560000,24.08595951760564,67.16336296704488,5.143905061100512,33.38985406532314
52680000,23.73662511893648,68.92540249756036,5.148908675852992,33.35649756775538
52800000,23.650974677810236,66.63320817023161,4.9087978426587195,33.32314107018763
52920000,23.926117839785718,68.61992287615124,4.967553496614713,33.28978457261988
53040000,23.855946802205032,66.89569463788725,5.5155013799834,33.25642807505212
53160000,23.443501779030495,65.71000802358047,5.924991496483789,33.22307157748436
53280000,23.609653522916787,65.82121564623296,4.098214049022092,33.18971507991661
53400000,23.695151043340548,66.39722439437848,5.08259996178688,33.15635858234886
53520000,23.94185489409307,67.25994541878083,4.80976236319855,33.1230020847811
53640000,23.447309259265296,68.46323467255408,4.924526838784016,33.08964558721334
53760000,23.72112048447844,67.13403178329983,5.389385602024565,33.05628908964559
53880000,23.517373616105314,65.99832362172842,5.0691226951747215,33.02293259207784
54000000,23.76677578030804,67.38867562984542,5.282350144573797,32.98957609451008
54120000,23.949901447218274,67.20289115972558,6.035177052110522,32.95621959694232
54240000,24.11561765289442,68.13105239470988,4.872780455185445,32.92286309937457
54360000,23.51751093075921,65.97881420596798,4.9123923341385645,32.889506601806815
54480000,23.984143773708517,70.20334313089471,5.885533661810128,32.856150104239056
54600000,23.354889788710185,67.97178878385054,4.334552268108718,32.8227936066713
54720000,23.244365348719445,68.95169044591289,4.217510441012627,32.789437109103545
54840000,24.06913764941248,66.97797583530142,4.865440923830461,32.75608061153579
54960000,23.361941995369,67.69681695602384,4.2941157732113275,32.722724113968034
55080000,23.293774644880887,66.71623080005286,5.753673052775828,32.689367616400276
55200000,23.14851212496997,69.75712801054576,4.775030809462982,32.656011118832524
55320000,23.241749739972988,67.55690778877998,5.304064086303771,32.62265462126477
55440000,24.56407376617971,67.25063216192379,5.894293914736073,32.58929812369701
55560000,22.52558427088996,68.26050939511838,4.7175130948278685,32.555941626129254
55680000,22.924143847694047,67.44515188810217,5.44619899720143,32.5225851285615
55800000,23.290704681439987,68.2830705649792,5.082475996081372,32.48922863099375
55920000,23.323448714602357,69.40299927050192,4.30519200592413,32.45587213342599
56040000,23.77437309855633,67.82663129900207,6.631914029610883,32.42251563585823
56160000,23.318330076031323,68.60500866011365,5.42403722067441,32.38915913829048
56280000,23.438902719918552,67.59084716679722,4.94256669591014,32.35580264072273
56400000,23.310014845446098,68.52738357653686,5.513171338491792,32.32244614315497
56520000,24.375119068736637,66.90131130469045,5.126469899637399,32.28908964558721
56640000,22.73140869258306,67.97840654086764,5.3291482618910395,32.25573314801946
56760000,23.160236484711746,67.30314590594911,5.512572254110508,32.22237665045171
56880000,23.46307574191173,67.17228685834984,4.884503501558468,32.18902015288395
57000000,22.978383701387294,68.38896498615587,5.7953082766797905,32.15566365531619
57120000,22.698875246198924,67.82572999466849,4.777298795924847,32.12230715774844
57240000,23.83767607808805,66.46059601150654,5.5890896602155715,32.088950660180686
57360000,24.266353501557127,68.03917376793618,5.824404301671952,32.05559416261293
57480000,23.34126655547119,69.02016745363933,5.019224408651284,32.02223766504517
57600000,23.671969308900977,68.13626785811373,4.783049026654353,31.988881167477416
57720000,23.558056012815044,68.90051951988745,6.126403828691437,31.95552466990966
57840000,22.302987744743135,68.80504831990915,5.460847980607166,31.922168172341905
57960000,22.66656390862541,68.94575387738297,5.832725715363302,31.88881167477415
58080000,22.656392920582743,67.30431099472818,5.269513090907748,31.855455177206395
58200000,23.35943910112157,69.4964404366286,4.981412415864123,31.82209867963864
58320000,23.279550178848066,69.29537067648258,5.223489880081245,31.788742182070884
58440000,22.802746124232062,69.23739013057902,5.816406600736787,31.75538568450313
58560000,23.61927831453384,68.76802457294272,5.239227139260871,31.722029186935373
58680000,23.393838712993524,67.94638550866793,5.394824217445269,31.688672689367618
58800000,22.74077293754738,67.90211171099028,4.759092753845884,31.655316191799862
58920000,22.79213276474708,68.96539273616045,5.05868468092558,31.621959694232107
59040000,22.578716465215827,68.56240534470265,3.6619930209085565,31.58860319666435
59160000,23.566960610274847,69.9287074318926,5.1175229266630495,31.555246699096596
59280000,22.617881941092786,69.70649407528241,5.1639612798303665,31.52189020152884
59400000,23.662339109845682,69.30416451838691,5.09553428179858,31.488533703961085
59520000,23.889930373388747,68.06912521850077,5.004040344226959,31.45517720639333
59640000,22.7111518753521,68.04731675354186,4.944279891643317,31.421820708825575
59760000,23.060124982194665,68.87109512962964,5.348079690984755,31.38846421125782
59880000,23.53673537244477,70.56258539606841,5.045543272451418,31.355107713690064
60000000,23.093256107509244,70.57788016063506,5.266763259561372,31.32175121612231
60120000,22.589808405770782,70.29835692171024,5.080213828232805,31.288394718554553
60240000,23.121883494096256,68.58492952806733,6.159254965186061,31.255038220986798
60360000,23.7269443992503,69.932607410761,5.425380522974431,31.221681723419042
60480000,22.87504567536805,69.08685816225726,4.972536518103583,31.188325225851287
60600000,23.318941202571587,68.95162523905718,5.777921297320016,31.15496872828353
60720000,23.08406177606307,68.49185195814783,6.03525532541438,31.121612230715776
60840000,22.754042760417924,69.8117745061788,5.479800178096191,31.08825573314802
60960000,21.92577338075634,69.72964762308662,5.977132305369268,31.054899235580265
61080000,23.22387476152195,68.21671642626882,5.639126545155908,31.02154273801251
61200000,22.753020946007744,69.34342638462917,5.012788561934873,30.988186240444755
61320000,23.543845064919452,68.75632118374557,6.118949780792791,30.954829742877
61440000,22.999079771282204,66.83667978629992,5.151279243625634,30.921473245309244
61560000,22.643344099534946,69.45891655824309,5.153022794116054,30.88811674774149
61680000,22.49591906237081,69.76835713654529,6.018798239413833,30.854760250173733
61800000,22.685034302414316,70.25268391789427,5.420246264917474,30.821403752605978
61920000,21.223570747343516,67.79703223753373,4.866947603845045,30.788047255038222
62040000,23.419515693738518,68.92620211374353,5.660480656889719,30.754690757470467
62160000,22.848011941473956,68.5224939950116,5.651199948083351,30.72133425990271
62280000,24.115951046580733,68.29202241561497,5.570967734988659,30.687977762334956
62400000,23.080259562546807,69.53326419505646,5.599861409544189,30.6546212647672
62520000,24.05839953693854,68.3806623810772,5.505423278577004,30.621264767199445
62640000,23.16206158957392,69.004200838494,5.207271719904565,30.58790826963169
62760000,23.078361108071917,68.07487090033273,5.844511707327744,30.554551772063935
62880000,23.942851545007414,69.12924507236526,5.7993403742323535,30.52119527449618
63000000,23.46821082362244,68.85264894834053,4.820033351274401,30.487838776928424
63120000,22.859670934636082,68.805449456739,6.137577743511715,30.45448227936067
63240000,21.968263765946286,69.0732710736499,4.446329771995496,30.421125781792913
63360000,22.421700064069327,70.73348191115124,6.103252371650549,30.387769284225158
63480000,23.287982347040376,68.74342557338801,4.803899918062691,30.354412786657402
63600000,23.302342286691808,68.0866945055809,6.07577054725694,30.321056289089647
63720000,22.63144546054521,68.05196684169671,5.162683342856202,30.28769979152189
63840000,24.143090124100492,69.79277747488212,5.023633434047517,30.254343293954136
63960000,22.548602724842425,68.84867135432727,6.034687586252865,30.22098679638638
64080000,22.478705387030793,70.48483318158337,5.304458832167867,30.187630298818625
64200000,23.02220749985919,69.28348523497613,6.256737021034173,30.15427380125087
64320000,22.98638670495685,69.11359633992483,6.2908193831277766,30.120917303683115
64440000,22.6364393791853,69.73818317395069,4.778927803065142,30.08756080611536
64560000,23.348786297664738,69.44656358838405,5.320238960422285,30.054204308547604
64680000,23.010988789057492,67.84429275586663,6.027980075058994,30.02084781097985
64800000,22.824070356682107,71.24600737254984,5.639061384987761,29.987491313412093
64920000,23.00003717279857,68.00780798105079,5.084563911727285,29.954134815844338
65040000,23.211473616841847,70.56555081573813,6.622997370685302,29.920778318276582
65160000,22.64023119825333,71.62871345353534,6.517493308522936,29.887421820708827
65280000,23.44758933824266,70.57084117777974,5.948560068391969,29.85406532314107
65400000,23.58968846858221,68.73208738058938,5.657601480162098,29.820708825573316
65520000,23.398069341323705,70.52010276607412,4.66656139448973,29.78735232800556
65640000,23.882269940088843,69.62521750143391,4.733682577189566,29.753995830437805
65760000,22.6769054410998,69.93556296586144,6.204973960104638,29.72063933287005
65880000,23.024324551396298,70.79199480164866,5.6537194733115514,29.687282835302295
66000000,22.17911266386226,69.52444883005963,5.638724497231857,29.65392633773454
66120000,22.34994784831009,69.40281009606319,6.2426658690904615,29.620569840166784
66240000,23.43189734496607,69.51524643696115,6.462427222917985,29.58721334259903
66360000,22.569409478346458,71.40343385382407,5.152222797047747,29.553856845031273
66480000,23.037358961239352,69.61473468809733,5.9395423157357055,29.520500347463518
66600000,22.158638141697367,70.49038960459589,5.345307571995485,29.487143849895762
66720000,22.475693145259047,71.32216281734985,5.634609678205467,29.453787352328007
66840000,22.81655071200088,70.16331883344267,6.464792446232197,29.42043085476025
66960000,23.46746837348036,70.76206455015519,5.904460134160652,29.387074357192496
67080000,23.241292314343102,69.9710882059495,5.544070254299509,29.35371785962474
67200000,23.05238195386001,69.50321653765224,5.77884810679734,29.320361362056985
67320000,23.260578564128963,69.66674115840415,5.823876017489362,29.28700486448923
67440000,22.957556904214147,68.90539255400661,5.565343880344978,29.253648366921475
67560000,23.210697889064758,70.20827990867538,6.551096353179641,29.22029186935372
67680000,22.691156499754317,70.26017605489699,5.495291726230862,29.186935371785964
67800000,23.565891205549054,68.03032398430572,6.139378990764539,29.15357887421821
67920000,23.620647585925823,69.2795002896745,5.7746844745302,29.120222376650453
68040000,23.71410035054091,69.88139020697548,5.899298429294609,29.086865879082698
68160000,23.650562751119992,70.27417235533784,5.72722929497893,29.053509381514942
68280000,22.467420062971108,69.00142154666965,5.926762905827805,29.020152883947187
68400000,24.001280740709607,71.40542432867802,6.188111253323019,28.98679638637943
68520000,22.832064603784687,69.08223379548966,5.167022927779008,28.953439888811676
68640000,23.253990275579433,69.95912665531871,5.765705168358805,28.92008339124392
68760000,23.70470304659287,69.23086880832713,5.356746850677338,28.886726893676165
68880000,23.60612348805105,71.10571624297103,5.6373812941806145,28.85337039610841
69000000,22.246183189230017,68.58872393785043,5.80223631391546,28.820013898540655
69120000,23.190516724669646,69.359640669624,6.073139377766654,28.7866574009729
69240000,23.049097985363144,69.79780948713586,6.298375585975374,28.753300903405144
69360000,22.555619371354553,70.40084503642183,5.127357158978873,28.71994440583739
69480000,22.37693047381218,68.91043748358541,5.88569533852286,28.686587908269633
69600000,23.37466616586628,69.68289197433684,5.4087972902022745,28.653231410701878
69720000,22.640101460627577,69.5925330414808,6.3798204208480085,28.619874913134122
69840000,23.007202638770327,72.19962079534773,5.744466553582074,28.586518415566367
69960000,22.391297226701543,69.02376294563419,6.165821942008884,28.55316191799861
70080000,23.4240279199189,70.66871768195126,6.064315879451536,28.519805420430856
70200000,23.33514426569456,68.83499892338033,6.777934184477591,28.4864489228631
70320000,22.998415310390303,67.59984110347801,5.397156163171626,28.453092425295345
70440000,24.132362385665452,70.33000649577065,6.409166979724489,28.41973592772759
70560000,23.38899057415538,67.86215672505516,6.472480094859664,28.386379430159835
70680000,23.06091788243996,71.15024470440731,6.451056501925591,28.35302293259208
70800000,23.455019570554345,69.69022532795891,5.599423316140989,28.319666435024324
70920000,22.87828484566372,69.50927037718877,5.662157607157684,28.28630993745657
71040000,23.066952701817474,70.25604790976027,6.822826711601942,28.252953439888813
71160000,23.241866488138225,70.06115352064056,6.2090856718246625,28.219596942321058
71280000,23.83683219280642,72.43690136559913,5.886602982071608,28.186240444753302
71400000,23.61870209068095,71.74554250159964,6.50715593860391,28.152883947185547
71520000,22.884680514717097,70.5634508937419,5.938158078672109,28.11952744961779
71640000,23.769988404713256,68.49319366194915,5.601772041407703,28.086170952050036
71760000,22.80375263430166,71.30734478233664,5.701575237904761,28.05281445448228
71880000,23.43080113847084,70.84921561545804,6.844283279331698,28.019457956914525
72000000,23.604763634565657,69.40934968447026,6.0203067272925335,27.98610145934677
72120000,23.233886928812094,70.6592858636483,5.97007291495558,27.952744961779015
72240000,23.349599836268695,67.90884799160925,6.1335981932701005,27.91938846421126
72360000,22.745269227840133,70.28163749304608,6.612277332571416,27.886031966643504
72480000,24.42139445559323,70.89155692075629,6.031470572296424,27.85267546907575
72600000,23.193758800562716,71.17542072539338,6.827468431570229,27.819318971507993
72720000,22.80163651051206,70.90396929204564,5.869042876395686,27.785962473940238
72840000,24.06329393766068,71.74596059753115,6.100095145901269,27.752605976372482
72960000,23.290270483738073,69.25543755104589,6.444671270722526,27.719249478804727
73080000,23.39164291860917,68.43357448946273,7.007233171537049,27.68589298123697
73200000,23.3474878606602,70.97873725590551,6.405742623676448,27.652536483669216
73320000,23.364722534681253,69.25974449257346,6.839142598906802,27.61917998610146
73440000,24.283240116658884,69.69889922843232,5.858467377297739,27.585823488533705
73560000,22.444522740967933,70.72083196276793,6.767537543169279,27.55246699096595
73680000,23.62229011925107,70.81286724232368,6.581064934743875,27.519110493398195
73800000,23.97879355924543,71.3229760452213,6.724971578016918,27.48575399583044
73920000,24.205257528584834,69.39668813843089,6.197559254270122,27.452397498262684
74040000,23.075662827742978,70.39310790739098,7.398532104132143,27.41904100069493
74160000,23.274807663212176,69.76752282338786,6.362979232736473,27.385684503127173
74280000,24.11689796788702,70.92882944914884,6.3251145922403555,27.352328005559418
74400000,23.38633301353092,69.8830028556641,6.7656088239702505,27.318971507991662
74520000,23.739247966320207,70.37738200088094,6.725820090786904,27.285615010423907
74640000,23.04725463366746,70.13017207376964,7.185985847659302,27.25225851285615
74760000,23.383726830708767,71.2837012417061,6.774069046895973,27.218902015288396
74880000,23.722089510659604,71.99340096085587,6.687665666584946,27.18554551772064
75000000,23.397581673503105,70.6570538638197,5.97623129554419,27.152189020152885
75120000,22.73006043003199,69.18360553443378,5.9605426607552126,27.11883252258513
75240000,23.472321588958334,71.67270058324704,7.139546410756171,27.085476025017375
75360000,23.65520067961559,70.01256365470614,6.61169898384386,27.05211952744962
75480000,23.17803820262129,69.93590860914665,6.449708337064878,27.018763029881864
75600000,23.362851169027184,69.56824332805043,7.332408938889045,26.98540653231411
75720000,23.2704463702888,71.10253366010699,7.068926477991811,26.952050034746353
75840000,23.538720513875745,72.68493930783065,6.5039368627505185,26.918693537178598
75960000,23.744631503199475,71.43088651634554,6.715312692650803,26.885337039610842
76080000,23.095770493038188,70.34298519477088,6.702723445427231,26.851980542043087
76200000,23.610676237164498,72.47955908511285,7.3291548005377445,26.81862404447533
76320000,23.42419684381381,71.12246676522174,6.932847130878178,26.785267546907576
76440000,24.173565441670142,71.88055879293036,7.027954291413353,26.75191104933982
76560000,24.10787892518604,71.1545939316819,6.288444581704541,26.718554551772066
76680000,22.993288103951254,70.52763913510043,6.61378192204415,26.68519805420431
76800000,24.089253628838783,71.04959211363193,6.432955086932926,26.651841556636555
76920000,24.349914544088975,71.56907593807992,6.627564160549569,26.6184850590688
77040000,24.303632021573602,69.93055427138226,6.325717311042774,26.585128561501044
77160000,24.52080275143102,69.70742129427191,7.154948481512196,26.55177206393329
77280000,23.76162172418583,70.22148109075552,7.002991417365232,26.518415566365533
77400000,24.02863938903671,71.73412764763769,6.570253088230345,26.485059068797778
77520000,23.25941482575059,69.44297859186048,6.20277867484272,26.451702571230022
77640000,23.739766913770904,71.94062207174997,7.2582222396402845,26.418346073662267
77760000,24.26438622959019,69.97133185704618,6.306082871940424,26.38498957609451
77880000,24.037536985425316,69.12996770252846,6.694567019151846,26.351633078526756
78000000,23.822761837546597,71.21478319961794,7.1520360014982876,26.318276580959
78120000,23.447322737724775,71.57502063914546,6.819374971925014,26.284920083391246
78240000,24.229309028437385,71.56908687891894,7.088231375194027,26.25156358582349
78360000,23.682848958166648,73.37266832857249,6.481011325118648,26.218207088255735
78480000,23.360292961082127,72.46400933357761,6.980906962881287,26.18485059068798
78600000,23.765332363964475,70.99494872678784,7.105084775249202,26.151494093120224
78720000,23.825373222711004,70.92641440237706,7.327502265100623,26.11813759555247
78840000,24.444422375894952,72.71861476438727,7.049543404853347,26.084781097984713
78960000,23.61437996852113,69.52349811044792,7.538337924991053,26.051424600416958
79080000,23.48904685012632,72.82006936171851,7.133238862308091,26.018068102849202
79200000,24.525505865817763,70.82140969746821,6.797019433623232,25.984711605281447
79320000,24.25763146351609,71.0935079595244,6.681990233974444,25.95135510771369
79440000,24.056044163070442,71.00975235478846,7.003063174305497,25.917998610145936
79560000,23.616955443189514,72.18776394572957,7.165545869745001,25.88464211257818
79680000,24.34999027006205,71.17552139041773,6.790253826852618,25.851285615010426
79800000,23.445012766618298,71.86685829810446,6.6480755592413106,25.81792911744267
79920000,23.615801819406638,73.86865466681166,6.749907820169164,25.784572619874915
80040000,24.77058926939999,71.81485346119615,7.354113283163889,25.75121612230716
80160000,23.99209346053996,71.52481132294415,6.712861220717761,25.717859624739404
80280000,24.033396583032694,72.6857642247646,6.526715804003233,25.68450312717165
80400000,24.017770352171663,72.87609715562587,7.8869040110138915,25.651146629603893
80520000,24.613225887539137,71.18499090157817,6.182438387139792,25.617790132036138
80640000,24.001112367166392,71.21585755191042,7.282092119751559,25.584433634468382
80760000,24.346545790802473,72.14696949514551,7.369934047699486,25.551077136900627
80880000,24.25292430931058,71.7125009015006,7.849324607746562,25.51772063933287
81000000,24.06603786157039,72.31985694551257,6.435199789566833,25.484364141765116
81120000,25.134414269825776,69.90603370352434,6.826942831218187,25.45100764419736
81240000,23.169486881484257,70.88095469307794,7.710277504605362,25.417651146629606
81360000,24.019785979004073,71.86003991834717,6.987069410581225,25.38429464906185
81480000,24.08473395251156,71.89823037568506,7.343216347485272,25.350938151494095
81600000,24.198250391167928,72.81538292103589,6.843597391809496,25.31758165392634
81720000,24.263902264060686,74.877051526939,6.892751666104675,25.284225156358584
81840000,24.18443312781423,69.8357408870461,7.26145867467946,25.25086865879083
81960000,24.75282602076515,71.31388093107712,7.54126691458941,25.217512161223073
82080000,25.081545140051233,70.96614921608169,7.16571231075462,25.184155663655318
82200000,25.25436929567443,72.5206286859511,7.281851571781104,25.150799166087562
82320000,24.159006179254334,70.88246801019062,6.04333018430187,25.117442668519807
82440000,25.182167998106845,72.3363618324725,7.245721426267789,25.08408617095205
82560000,25.25324526805233,71.76848594146935,6.3409609552870725,25.050729673384296
82680000,23.65131308268523,70.64317067961322,6.790085184220533,25.01737317581654
82800000,24.442528506555924,73.50819685344332,7.43066160274191,24.984016678248786
82920000,24.694495861359336,72.2495007300464,8.153706045555365,24.95066018068103
83040000,24.510493231914385,72.91735344016148,6.861543454409217,24.917303683113275
83160000,24.903549118153148,73.19933968346565,7.4719300013615015,24.88394718554552
83280000,24.503814587601074,72.53002422733371,7.947247913745147,24.850590687977764
83400000,25.41602984036999,71.20147507248781,7.740787560807275,24.81723419041001
83520000,25.631364031407866,70.95632695581897,7.73406526493179,24.783877692842253
83640000,24.41357002007837,73.21822829773359,7.621597701217041,24.750521195274498
83760000,24.053124538679565,71.58099911681059,7.285673321582015,24.717164697706743
83880000,25.448676306406576,71.87304316055905,7.621647393038504,24.683808200138987
84000000,24.89539946635351,71.01974157496858,7.470493259791836,24.65045170257123
84120000,25.92255026897441,72.2972325641616,7.133747751417971,24.617095205003476
84240000,25.31111581973361,72.69833177854164,6.350397118358474,24.58373870743572
84360000,25.28152051435818,72.6131645993052,7.626195393837131,24.550382209867966
84480000,25.813819306752915,70.67787515158751,6.6626077046573995,24.51702571230021
84600000,24.609001796867517,70.99567445657554,7.874908830193733,24.483669214732455
84720000,24.697296548119482,73.92246123478911,7.337616105332941,24.4503127171647
84840000,25.289821187432896,71.04853884790833,7.546720941842545,24.416956219596944
84960000,25.646591174126776,71.95593730079243,7.106850667744125,24.38359972202919
85080000,25.25790435973307,72.89734151163735,6.975262428818906,24.350243224461433
85200000,24.864915098999123,72.75610470074992,7.359143189455285,24.316886726893678
85320000,24.960141523956466,71.09737076383033,7.8541069010174045,24.283530229325923
85440000,25.83212309204028,72.95560521319207,7.706781422950819,24.250173731758167
85560000,25.652843855141967,73.88787395670217,7.733926755062703,24.21681723419041
85680000,25.042408858008287,71.68478150729578,8.900919522042832,24.183460736622656
85800000,24.83462856702377,72.98762023998569,8.078924082228228,24.1501042390549
85920000,25.00770067638174,71.16666516454545,7.792653152188489,24.116747741487146
86040000,25.706407530886352,73.01170693290469,7.687654922163874,24.08339124391939
86160000,25.00462086705576,72.20628191199265,7.629970351651521,24.050034746351635
86280000,24.255177651484402,72.10972743481669,8.425880688104977,24.01667824878388
86400000,24.8758972650207,73.93075887630991,8.054577349385275,23.983321751216124
86520000,24.310480801316277,72.40524767813142,8.0689098601245,23.94996525364837
86640000,24.71606732122952,73.35051723500332,8.10126907886233,23.916608756080613
86760000,24.873602183965833,73.64838578576851,6.86114575059612,23.883252258512858
86880000,25.277008645668875,72.13504250089512,7.676446110773923,23.849895760945103
87000000,26.195777799487608,72.40932925561135,8.593613697126445,23.816539263377347
87120000,25.031100658315196,73.21699881447996,7.376959707269892,23.783182765809592
87240000,25.16070836315042,72.7777503545559,8.175310839441854,23.749826268241836
87360000,25.12315453469652,72.27786479437181,7.646350337803907,23.71646977067408
87480000,24.40637476478371,73.8880702649568,7.38057440450473,23.683113273106326
87600000,26.18297434959798,72.68791397082377,7.759271391221908,23.64975677553857
87720000,25.783912769098105,72.48640969782282,7.486997172328392,23.616400277970815
87840000,25.179424539717225,73.97576372670375,8.274114320388534,23.58304378040306
87960000,24.878965948076313,72.73675165707665,7.789021895577447,23.549687282835304
88080000,25.3222011309789,71.79169660954412,7.720718268121954,23.51633078526755
88200000,25.51876984611245,73.03487143204885,8.138575344013928,23.482974287699793
88320000,25.247152766385057,72.04009407020358,7.90825198002091,23.449617790132038
88440000,25.031238702916976,73.121290548016,8.640879388554817,23.416261292564283
88560000,25.862247664340977,72.82093994432961,8.346790800926923,23.382904794996527
88680000,26.27257677635533,72.91367875996782,8.6620080093564,23.349548297428772
88800000,25.719234561655984,73.94845289091457,8.075933610530392,23.316191799861016
88920000,25.101093417042733,73.67599383748008,8.059637389060267,23.28283530229326
89040000,26.0444853365564,71.1124974991368,8.214623551067021,23.249478804725506
89160000,26.52486412756445,70.97106282896888,8.963734719015969,23.21612230715775
89280000,24.09595768586237,73.55598197977336,8.123813608282449,23.182765809589995
89400000,25.275135611510173,73.88259480820574,8.485305638051345,23.14940931202224
89520000,26.687216982665852,73.04947394578078,7.990929698312542,23.116052814454484
89640000,25.27952434988494,74.03974387870048,8.34449997435164,23.08269631688673
89760000,26.29228376563892,72.65881222876993,8.934568883118615,23.049339819318973
89880000,25.91003793177214,71.93749949301545,7.73860319129384,23.015983321751218
90000000,25.990718804615312,73.11261618342941,8.631609214309963,22.982626824183463
90120000,25.419944957847186,74.29329706167911,8.34053306045868,22.949270326615707
90240000,26.134535677169715,74.67800961056327,8.058304489155592,22.915913829047952
90360000,25.394747902047964,73.29065973579826,8.524281431945628,22.882557331480196
90480000,25.928473565198438,72.92507124285844,8.591244297212606,22.84920083391244
90600000,25.868970187284535,71.87155264919866,8.432011454584936,22.815844336344686
90720000,25.92075095794027,72.04912212442454,8.093598018926427,22.78248783877693
90840000,25.795089977625782,72.21548944099104,8.112317383323528,22.749131341209175
90960000,25.95446830072596,76.16743688999924,8.69961857702196,22.71577484364142
91080000,25.43002857987166,74.22374058724603,8.285100696070426,22.682418346073664
91200000,25.072258257790395,74.41769153159699,8.472734304317282,22.64906184850591
91320000,25.357676543507363,73.81827703875409,9.220257266394464,22.615705350938153
91440000,25.876792090492163,73.58065263783709,8.259896302299047,22.582348853370398
91560000,25.885015207036645,72.4702057760443,7.932721745897945,22.548992355802643
91680000,26.084686402038322,72.76957478795674,8.859514228434742,22.515635858234887
91800000,25.670016245823263,74.5150432292298,8.476473604629058,22.482279360667132
91920000,25.44378630053527,74.08223365394703,9.224732687524787,22.448922863099376
92040000,25.23980045818802,71.73390869995772,8.250431539480443,22.41556636553162
92160000,25.646731502035394,73.79556467655537,8.510351402021179,22.382209867963866
92280000,25.251265228257232,74.86417796327822,8.281901955870078,22.34885337039611
92400000,26.18130237122601,73.00919380499984,7.2908205938379425,22.315496872828355
92520000,25.99407832977943,72.5557754161588,9.42874874696031,22.2821403752606
92640000,25.88323993113721,73.09802631377916,8.709438395314091,22.248783877692844
92760000,26.329957801476436,74.0206917532167,7.939964866830419,22.21542738012509
92880000,25.65476640979391,73.97792982295232,7.730533374869912,22.182070882557333
93000000,25.59722777869608,73.76290803519409,9.086104047387078,22.148714384989578
93120000,25.57232977982801,72.31455382160122,9.619807397367445,22.115357887421823
93240000,25.402912306511798,73.19558633447902,8.336457500305125,22.082001389854067
93360000,26.461837323109876,74.34887961442399,9.261136292573086,22.048644892286312
93480000,26.80622971116776,73.90423847351025,8.822177065547875,22.015288394718556
93600000,25.392664175396867,72.38495037785627,9.016617863561791,21.9819318971508
93720000,26.592661118109042,73.68331268940695,8.761249135545581,21.948575399583046
93840000,25.95789716688335,74.06848587026549,8.427038821379545,21.91521890201529
93960000,26.934896463820856,75.84741298958339,8.661579279378396,21.881862404447535
94080000,26.63897899811881,72.72861926632294,8.746493852417734,21.84850590687978
94200000,26.394484005892206,72.42612726374229,8.776199343973548,21.815149409312024
94320000,26.314832402278373,75.12600320038709,7.7424471371628165,21.78179291174427
94440000,26.692666446758572,72.37722218144788,8.347286642232707,21.748436414176513
94560000,26.902208674052392,72.9213092420032,8.136329209852164,21.715079916608758
94680000,26.51597689746253,73.25434971945421,8.638292304241784,21.681723419041003
94800000,25.847156232907476,75.28202646792556,9.278869085612529,21.648366921473247
94920000,26.571290714323442,74.12266637861624,9.192921239941521,21.615010423905492
95040000,25.638691432551546,75.1445216428993,8.404986949743762,21.581653926337736
95160000,26.054090446460194,72.73785515158878,8.569241163754127,21.54829742876998
95280000,25.650028287598175,74.42607264997207,8.703719065168404,21.514940931202226
95400000,26.364240738773347,72.56562125875035,8.46577683063577,21.48158443363447
95520000,26.44661825275121,75.36464215354064,8.708039066916792,21.448227936066715
95640000,25.34951845534402,71.49259759263944,8.560555040750742,21.41487143849896
95760000,26.273516280037406,72.93786745763067,9.407528635879755,21.381514940931204
95880000,26.184816144082287,75.23283041600642,8.318594286784892,21.34815844336345
96000000,26.354509746687842,74.00625229335238,8.174894984756298,21.314801945795693
96120000,27.399894678139006,76.64175047495046,8.303223805633413,21.281445448227938
96240000,26.308125598989058,73.59271338613843,9.572636841556003,21.248088950660183
96360000,26.718308766671335,72.73739528264669,8.268544392417109,21.214732453092427
96480000,26.874590914019286,74.08625556829304,9.637837099191588,21.181375955524672
96600000,26.308720656787827,73.66093113112761,8.975415907102734,21.148019457956917
96720000,25.640254219354915,74.7300228506951,8.560505988154459,21.11466296038916
96840000,26.39813611996642,74.18268999674197,8.594250045132602,21.081306462821406
96960000,26.215648460248193,74.2879903897102,9.584277280092076,21.04794996525365
97080000,26.456577714095097,73.18939917969135,9.628578299041521,21.014593467685895
97200000,26.34553508279734,74.81279752947425,9.499033174988014,20.98123697011814
97320000,27.61189825672264,75.78657267460548,8.653530539651802,20.947880472550384
97440000,26.344339556697204,73.05175480153717,10.105843582679384,20.91452397498263
97560000,26.54403153997922,76.03052574273786,9.277803350631638,20.881167477414873
97680000,25.543712706555503,75.13486200577707,9.253737569265418,20.847810979847118
97800000,26.065485280632405,74.0171809749798,9.182478689961453,20.814454482279363
97920000,27.105757497983774,73.52122517265401,9.419993321065192,20.781097984711607
98040000,26.700389611894053,72.68139252224422,9.664780255512177,20.747741487143852
98160000,26.16292489763375,73.3029478198497,10.634515135632167,20.714384989576097
98280000,27.191812261059432,74.9271341064462,9.466903470178362,20.68102849200834
98400000,26.192441832082174,72.76402627749574,8.6796291376637,20.647671994440586
98520000,26.308169154544117,73.38941521328834,9.746805682487748,20.61431549687283
98640000,27.63610172417902,74.58120853604022,9.93635543787832,20.580958999305075
98760000,25.90812849586199,73.6890856578824,10.298867951947946,20.54760250173732
98880000,26.19288735022833,75.53789166767031,10.184641939534252,20.514246004169564
99000000,26.06494820101432,74.05847516144392,9.130662283173123,20.48088950660181
99120000,25.660468850656212,76.16984485844917,9.735866858325947,20.447533009034053
99240000,27.045022059015526,73.68875252782968,8.526489939693008,20.414176511466298
99360000,26.76107001158815,75.10801093357634,10.641721400194164,20.380820013898543
99480000,26.822173018029048,72.82850355625595,9.476148473584406,20.347463516330787
99600000,26.977848891393478,73.90976982619036,9.940245086106042,20.314107018763032
99720000,26.552487529980016,74.7279230186119,8.609738237262144,20.280750521195277
99840000,26.56933965686971,74.7486072780349,9.75781169442583,20.24739402362752
99960000,26.49952792575725,73.96470131800498,9.71874388332111,20.214037526059766
100080000,26.4203292238904,73.9622436216413,9.573947113964312,20.18068102849201
100200000,26.351146614766826,74.85821007539073,10.054914978595887,20.147324530924255
100320000,27.99554214343347,74.23461900681767,10.388803955070982,20.1139680333565
100440000,27.066691481878784,74.92417676536505,9.196560164626552,20.080611535788744
100560000,25.956264111165552,75.30651948488733,8.839070188776637,20.04725503822099
100680000,26.200734228403412,74.96714080510954,10.19824985184093,20.013898540653233
100800000,26.599548916106787,76.16543446331431,9.614676801443323,19.980542043085478
100920000,28.02337304336367,74.99408251166881,9.862124143761369,19.947185545517723
101040000,26.54762217421519,74.21503080939338,9.554728405511,19.913829047949967
101160000,27.653750456799493,74.84351594083061,10.135953051979387,19.880472550382212
101280000,26.31285255395218,74.7784895404717,9.766854251431253,19.847116052814457
101400000,27.221211108944537,73.1378093191751,10.010790477523482,19.8137595552467
101520000,26.658191744251518,74.92969864902693,10.675016560665833,19.780403057678946
101640000,26.956516485689402,74.52152109727854,9.410505181909295,19.74704656011119
101760000,26.89964095268915,73.17006627010073,10.401586149737714,19.713690062543435
101880000,25.574411633378645,74.7657545018798,9.450440530538325,19.68033356497568
102000000,26.35954821220029,75.7790327673028,10.563115154047269,19.646977067407924
102120000,26.53254870240623,75.22531964379051,9.566905633626833,19.61362056984017
102240000,27.34475409418346,73.9903977339151,9.861554720151064,19.580264072272414
102360000,26.59804368152943,74.40857732175124,10.110564044025063,19.546907574704658
102480000,27.79278253848498,73.35584765759685,9.896458853681617,19.513551077136903
102600000,27.502794884869335,73.79489377947215,10.002340147281897,19.480194579569147
102720000,27.13869745116347,76.97191120425549,10.151172197900193,19.446838082001392
102840000,26.283667142688387,74.01713219016665,9.942152654652864,19.413481584433637
102960000,26.669488173849395,74.07876114285023,9.44122614598058,19.38012508686588
103080000,26.686522324834723,74.11796954652806,9.905009096910788,19.346768589298126
103200000,26.708709467652078,76.74879266530492,10.701946772286787,19.31341209173037
103320000,27.49118142700051,75.26623311389736,9.342712621452751,19.280055594162615
103440000,26.259398744616657,75.85472657757586,10.208198134436543,19.24669909659486
103560000,26.15671984968803,75.78639980584099,10.727565906044283,19.213342599027104
103680000,27.238135331646195,77.44980025883513,10.018916321068243,19.17998610145935
103800000,26.247960119891168,75.1203022128719,10.905136604780989,19.146629603891594
103920000,26.64680881413913,74.76448381019522,10.563861365473745,19.113273106323838
104040000,25.984689047699913,74.67655331679896,9.21550021311992,19.079916608756083
104160000,27.242950161542392,75.11220815383602,9.689474644864552,19.046560111188327
104280000,26.940585058817003,73.24849570676012,11.025650368936564,19.013203613620572
104400000,27.32152710965937,75.26998467111538,10.46000323393934,18.979847116052817
104520000,26.775023348179836,74.18464827685078,10.134355668268764,18.94649061848506
104640000,27.255911009761736,76.08067705609412,11.130846233347523,18.913134120917306
104760000,26.924348032843863,75.19179850504538,9.492343285329412,18.87977762334955
104880000,26.7220169613763,74.91869757465406,11.311093250129447,18.846421125781795
105000000,26.781370533525422,75.18736314027491,10.265277114677035,18.81306462821404
105120000,26.93756165607162,74.61280668587794,10.21923032979381,18.779708130646284
105240000,25.931493819033363,76.19636739458419,10.094490854836259,18.74635163307853
105360000,26.64715088111422,75.21983793412257,10.230399865245085,18.712995135510774
105480000,27.688398798931548,75.41491607508576,11.065771900987098,18.679638637943018
105600000,26.955907224634267,75.85781977229496,10.731584674061555,18.646282140375263
105720000,26.816740608767326,76.26918541402603,9.745517612564454,18.612925642807507
105840000,27.191047334425598,75.29678647347112,11.390339481960961,18.579569145239752
105960000,27.058694603719932,74.75280809238296,11.205727013454622,18.546212647671997
106080000,26.242226717617427,74.2751966079233,10.529699386735759,18.51285615010424
106200000,26.946822530419613,74.17679898042145,10.05367218995637,18.479499652536486
106320000,27.86543029029595,73.32718099645442,10.177391154558553,18.44614315496873
106440000,26.592709552315664,75.06018721779704,10.557896341255374,18.412786657400975
106560000,27.263572670263294,75.84133717042408,10.605892718270217,18.37943015983322
106680000,27.951068483167422,76.09928464478966,10.218689472871427,18.346073662265464
106800000,27.68012052367021,75.22688513779073,11.373419922706034,18.31271716469771
106920000,27.27991103824732,74.74642668760805,10.456907422249062,18.279360667129954
107040000,26.980482901931737,77.10606084009353,10.590402738378545,18.246004169562198
107160000,25.758633756737353,74.9177601528422,10.858108308255323,18.212647671994443
107280000,26.743112771313676,74.8293499777154,11.108264852334111,18.179291174426687
107400000,27.59952300279883,76.80661761314383,11.224519478180982,18.145934676858932
107520000,27.435605520504307,75.73299097857783,11.612096892396286,18.112578179291177
107640000,27.81125505241535,76.06111471167074,10.814263611378342,18.07922168172342
107760000,27.323014170835584,76.03322733813187,11.407595772631078,18.045865184155666
107880000,26.360892767260495,76.12783457948677,10.685886427331099,18.01250868658791
108000000,26.565330138672877,76.28969152087058,10.979165532962057,17.979152189020155
108120000,26.758439127008206,74.31933069862329,12.030577445884866,17.9457956914524
108240000,26.98434217360342,75.22320542618952,11.357674161832223,17.912439193884644
108360000,26.893719990719994,75.63685177177335,10.718513532565355,17.87908269631689
108480000,26.98215003486139,75.8875910529307,10.295768505892497,17.845726198749134
108600000,26.43203599177837,73.3635601775002,11.341545430903931,17.812369701181378
108720000,27.04369605769761,76.41784107338152,10.72534125579283,17.779013203613623
108840000,26.48579688746251,74.79677287717739,10.538518762145452,17.745656706045867
108960000,27.953484507467188,75.78112728200085,10.161869261505577,17.712300208478112
109080000,27.165020532036404,75.37117277274432,11.525954224655964,17.678943710910357
109200000,26.70781779525928,75.63385074935202,11.557794846896115,17.6455872133426
109320000,27.582870035165698,75.3189055526811,11.221620999774322,17.612230715774846
109440000,27.099548407190493,75.3853135854205,11.860265235667786,17.57887421820709
109560000,27.291796376451007,76.86569031727612,10.769649312593602,17.545517720639335
109680000,27.077397020811347,76.36345973877093,11.31323602977261,17.51216122307158
109800000,27.311128447545475,76.82011332823306,11.269138040578786,17.478804725503824
109920000,26.936699480360488,77.14723129284634,11.519481820444735,17.44544822793607
110040000,26.62754967822931,73.81787754331954,10.93674378734083,17.412091730368314
110160000,26.359251506619373,74.67900267310932,11.715564693617967,17.378735232800558
110280000,27.042830735074112,77.44355928413489,11.018834166827766,17.345378735232803
110400000,27.727592983074278,75.50771573162318,12.155317690582438,17.312022237665047
110520000,27.196314162483002,76.50241403211436,11.415650465327776,17.278665740097292
110640000,27.12088864140504,75.68575340514768,11.717261938771667,17.245309242529537
110760000,26.899836547606235,75.7659163721021,11.545429817186957,17.21195274496178
110880000,26.669375593341165,77.06866733960096,12.673626408977748,17.178596247394026
111000000,26.958861329378234,75.0433570676348,12.004497779901223,17.14523974982627
111120000,27.099398752791632,75.3998102861437,11.060645877900818,17.111883252258515
111240000,26.02792262078171,76.7327480676168,12.070984415495609,17.07852675469076
111360000,26.63838731321247,76.17550260052744,11.259572884872771,17.045170257123004
111480000,26.855458429487047,77.35725969995502,11.959602259586108,17.01181375955525
111600000,26.63355186157703,75.87909239265922,10.629350192946875,16.978457261987494
111720000,27.04998850088062,77.08096663643107,11.596768472875956,16.94510076441974
111840000,27.270967927393432,74.111332093864,11.574852074568273,16.911744266851983
111960000,26.85791560802256,78.4534851443692,11.601649669323008,16.878387769284227
112080000,26.631614651053678,76.78396010210595,11.240140635443938,16.845031271716472
112200000,27.17517373569398,76.30004615468951,11.64376915784042,16.811674774148717
112320000,27.222973942014647,77.4622973321024,12.67967467675727,16.77831827658096
112440000,27.17314400697591,76.30511479982167,11.340218016348512,16.744961779013206
112560000,26.219205883874587,75.49028031454692,12.327179776867302,16.71160528144545
112680000,26.17789074151949,75.27959389902618,12.900211403253937,16.678248783877695
112800000,25.99840032498849,75.3181220378808,10.798756839671256,16.64489228630994
112920000,26.25569312757431,75.53318069847828,13.078317115966206,16.611535788742184
113040000,26.66066337100852,77.68391287544883,12.524607552533732,16.57817929117443
113160000,27.199144536116126,76.1779279176956,12.145376576833577,16.544822793606674
113280000,26.96601872181303,75.33570152481654,12.217589532050921,16.51146629603892
113400000,26.940466544658097,76.90999937722087,12.654227448687925,16.478109798471163
113520000,26.60328760672937,76.83123074649343,11.517255037163197,16.444753300903407
113640000,26.617745203935552,75.35319920136736,11.248279135080198,16.411396803335652
113760000,27.018239427546526,76.78208242084958,11.975021740414329,16.378040305767897
113880000,26.624229934620608,77.32978227867338,11.719670900419683,16.34468380820014
114000000,28.307711140518304,75.60193080533129,11.834106817376767,16.311327310632386
114120000,27.599001380529014,76.28073247161258,12.91339372435282,16.27797081306463
114240000,26.304938464042465,77.0828317536568,12.814383085800422,16.244614315496875
114360000,26.92743818975915,76.6269436936387,12.575469948235947,16.21125781792912
114480000,26.425358470072744,76.50540661439484,12.143381026013712,16.177901320361364
114600000,26.152284968686725,75.94042307530214,12.014494837757088,16.14454482279361
114720000,26.870288607580804,75.44069703178182,11.756480725901596,16.111188325225854
114840000,26.972191696434635,76.80439795953302,12.840729386929008,16.0778318276581
114960000,26.316004437308123,76.85968856479406,11.556417836157411,16.044475330090343
115080000,26.64313659319846,75.36124335658504,11.869652927478016,16.011118832522587
115200000,26.815857073444896,75.05194935738407,11.63064508215831,15.977762334954832
115320000,26.90855273512325,76.8787959674557,11.989120747505169,15.94440583738708
115440000,26.35804137139939,76.49195159680676,12.019208344048868,15.911049339819321
115560000,26.816502930585543,76.00332868918272,12.634521462102038,15.877692842251562
115680000,25.975705336836647,77.73938948105598,11.654487200746527,15.84433634468381
115800000,27.050595461439674,75.30925407739011,11.8248775742439,15.810979847116059
115920000,26.37213414981405,75.58117337439772,12.34039830746554,15.7776233495483
116040000,26.568076860501286,76.25421030516516,12.837704240390474,15.74426685198054
116160000,26.586254730725912,77.89737412198826,12.953499048326131,15.710910354412789
116280000,25.901082946505696,75.56423974612437,12.117278939320713,15.677553856845037
116400000,26.611738362185697,76.57145149788465,12.589097461279882,15.644197359277278
116520000,26.849399857418238,76.0801618059409,12.12000754610584,15.61084086170952
116640000,26.15178048083108,78.49554086602643,12.457593359793556,15.577484364141768
116760000,26.282894853363345,77.86763013838468,12.20489617428052,15.544127866574016
116880000,27.55554793869264,77.257441002242,12.777353730669889,15.510771369006257
117000000,26.715362462482368,77.15994964077532,13.224175645553322,15.477414871438498
117120000,26.316903823553197,77.88527329341822,12.489850992300946,15.444058373870746
117240000,26.505525487181185,77.15067830187103,12.434750718455183,15.410701876302994
117360000,25.62228316860372,74.94113709119026,12.062530714706483,15.377345378735235
117480000,25.543249552068882,76.61570368850656,12.818183127283488,15.343988881167476
117600000,26.394609909629153,76.45790567819483,12.790106615893407,15.310632383599724
117720000,26.56581782831718,78.30162629845073,12.9548506468795,15.277275886031973
117840000,27.15099796006196,78.17568334629001,13.144206449342342,15.243919388464214
117960000,25.902378860242166,76.27743114088135,12.643506905895784,15.210562890896455
118080000,26.73729843833591,76.25906739322309,12.89807316735796,15.177206393328703
118200000,26.04687412733788,77.94194412586391,12.636349326300664,15.143849895760951
118320000,26.615875048474376,77.94300449359898,12.78001398080511,15.110493398193192
118440000,27.00022824266058,75.85540162531531,13.199886801179384,15.077136900625433
118560000,26.29650244099553,77.07559746985281,13.157100748604257,15.043780403057681
118680000,25.655458196045466,77.76302156855203,13.033986872877675,15.01042390548993
118800000,26.60472908843111,76.70884644438993,14.455366237565554,14.97706740792217
118920000,26.374728341831517,77.63688372416527,13.760407060183537,14.943710910354412
119040000,26.45656594763983,77.1283979092919,13.553979194845258,14.91035441278666
119160000,26.462896379428557,78.02153166520888,12.76270456710128,14.876997915218908
119280000,26.816594302383663,76.13668644647761,12.836528888024144,14.843641417651149
119400000,25.57869274663475,76.73959319616884,13.448209592986892,14.81028492008339
119520000,26.636689296844096,77.95111535833601,13.448141261674007,14.776928422515638
119640000,25.915108340539994,76.80348804536762,13.662571665962277,14.743571924947886
119760000,26.50953638376957,77.29152215012219,13.15396217212737,14.710215427380128
119880000,26.17588973606428,78.20229010998976,13.345087086942907,14.676858929812369
120000000,25.910982525425304,79.85892873196784,13.922457169591928,14.643502432244617
120120000,26.33219223992018,75.88364872992125,13.215112749920479,14.610145934676865
120240000,26.940956530807174,76.51396964738365,13.856458631196228,14.576789437109106
120360000,27.200507038304597,78.5584252635153,14.227289244305926,14.543432939541347
120480000,26.076942655067104,78.49558756368006,12.830328088758321,14.510076441973595
120600000,27.4387186929022,75.43216674913383,13.803157211838483,14.476719944405843
120720000,26.69873042815364,76.52428831878929,13.715217052709901,14.443363446838084
120840000,25.487052517010856,77.61467438829297,13.18627302841847,14.410006949270326
120960000,26.21085697392511,77.12074767339834,13.768990342411715,14.376650451702574
121080000,26.47160111192612,78.54911334152428,14.523229370295583,14.343293954134822
121200000,26.21618798883199,77.42595321072007,13.20858737052562,14.309937456567063
121320000,25.929422447451042,76.93029842771949,12.963128761615978,14.276580958999304
121440000,25.476186202928254,79.21103001108014,13.408503198691173,14.243224461431552
121560000,26.096613393117835,79.29285247057666,13.468418538188423,14.2098679638638
121680000,26.507886285292496,77.99356109039881,13.173220964692861,14.176511466296041
121800000,25.52956382458571,78.75552327822322,14.513931000025837,14.143154968728282
121920000,25.682983839863947,78.44854769091198,12.93546016054151,14.10979847116053
122040000,26.336253266033754,77.4191289811869,13.754393533262418,14.076441973592779
122160000,26.47422433546355,76.80618890477771,12.633389190615713,14.04308547602502
122280000,26.380180237338617,75.84347133945236,14.638085050388689,14.009728978457261
122400000,26.265804996014218,78.82293229378497,14.625629144548805,13.97637248088951
122520000,25.51117684843666,77.35585580737178,13.679832189622323,13.943015983321757
122640000,25.33235278750026,76.12366930160053,14.67680098938008,13.909659485753998
122760000,26.031919395534665,78.66021264624528,14.05664176673077,13.87630298818624
122880000,26.42992259608165,76.93291462288934,13.909662095729573,13.842946490618488
123000000,25.85472863242255,77.89397386933956,13.752764568116497,13.809589993050736
123120000,25.012618895083598,77.92438510750571,13.864999654905228,13.776233495482977
123240000,26.297860607106387,77.98637364704814,12.969996032917436,13.742876997915218
123360000,26.292973347387345,77.48794501649922,13.708339798951382,13.709520500347466
123480000,25.726200102043844,78.72912437243852,15.146492861798052,13.676164002779714
123600000,26.087601622357965,78.88508212776468,14.206754858175746,13.642807505211955
123720000,26.208927495745638,79.51367065079705,14.94797362832416,13.609451007644196
123840000,25.775669218376965,78.4340915376728,14.427542011795863,13.576094510076445
123960000,25.892475559138628,77.88130700003698,14.578777081255913,13.542738012508693
124080000,26.153000246132095,78.26807731455318,14.763057463999857,13.509381514940934
124200000,26.78564837178202,79.61286115285682,13.574936598396366,13.476025017373175
124320000,26.955015682885982,77.31049905001076,14.58518462589851,13.442668519805423
124440000,25.83686222059434,77.55585867758978,15.110350762888594,13.409312022237671
124560000,25.889907787403576,77.96869981828938,14.404973681481357,13.375955524669912
124680000,25.22388650857635,77.27431588110176,14.964213522362385,13.342599027102153
124800000,24.880319145986515,77.44339279736091,14.468919434978002,13.309242529534401
124920000,25.677578592018037,76.52755454589217,14.165841268022245,13.27588603196665
125040000,25.719564346660384,78.68540504155055,14.477179789025513,13.24252953439889
125160000,25.349884807535695,77.20782747503017,15.10742172342173,13.209173036831132
125280000,25.95746271041681,79.18268071114888,14.538977275121567,13.17581653926338
125400000,25.211757714715294,77.1027914131363,14.590378177489534,13.142460041695628
125520000,25.34620544341208,76.62078497830257,14.113954241428543,13.10910354412787
125640000,25.337224178886302,77.41592372545472,14.166636292973076,13.07574704656011
125760000,25.111586474015358,78.63480974226022,14.364370204221158,13.042390548992358
125880000,25.252126884663816,77.27999139566299,14.74822429729524,13.009034051424607
126000000,24.91795575897036,77.06822185246924,15.806075648250836,12.975677553856848
126120000,25.313586634699934,78.41985633636806,15.112418133991376,12.942321056289089
126240000,25.609550407830753,77.84968878692071,15.030904120511089,12.908964558721337
126360000,24.295882332420927,79.16770182096569,15.478623008154974,12.875608061153585
126480000,25.58768448357546,77.28548714719693,14.388099984380375,12.842251563585826
126600000,25.39261434079268,77.91501305122378,15.695775060270233,12.808895066018067
126720000,25.140397024007033,77.88277820163466,16.051589405398076,12.775538568450315
126840000,25.368353651976847,77.89764763497104,15.472483051527067,12.742182070882563
126960000,25.80165824918434,77.21076362929878,15.409314048378477,12.708825573314805
127080000,25.274123013039336,77.58336787233873,14.778976006707687,12.675469075747046
127200000,25.109171993018926,78.6035655625175,15.296188024483273,12.642112578179294
127320000,25.151778752788935,78.99695082104701,13.428267633927796,12.608756080611542
127440000,24.844186333089603,79.10839199131873,14.553596183037797,12.575399583043783
127560000,24.595397387569736,78.51160813947328,16.55793906030266,12.542043085476024
127680000,25.729952925171183,77.18475571250238,15.180847853428196,12.508686587908272
127800000,25.025517923618096,79.84035809129668,15.595480384087669,12.47533009034052
127920000,25.11013816860176,77.76524651122496,16.14835557311586,12.441973592772761
128040000,24.751529049249008,77.47192130521587,16.262522834215524,12.408617095205003
128160000,24.164793701440626,77.13159611078348,15.15005722401821,12.37526059763725
128280000,25.483052778521035,78.46458332332097,16.43780090239014,12.341904100069499
128400000,24.105273471059643,78.36219924826777,15.415982107770857,12.30854760250174
128520000,26.012491437704803,78.56864022676197,15.081042189839758,12.275191104933981
128640000,26.104905659697362,78.8258155194303,15.592646768503517,12.24183460736623
128760000,25.33730463911107,78.10303780826467,16.087130930707982,12.208478109798477
128880000,25.01321146112485,79.97493234479678,15.466324927339144,12.175121612230718
129000000,25.168890336804928,78.98989893460367,16.372620005046407,12.14176511466296
129120000,25.52748586419675,80.10502543112017,15.47751068708961,12.108408617095208
129240000,25.077804667989884,77.85722214812138,15.890542144095292,12.075052119527456
129360000,25.7047870250861,79.68525993591696,16.020070955677784,12.041695621959697
129480000,25.273523604186195,77.51040172184159,16.464353182152692,12.008339124391938
129600000,24.39004217228627,77.62298386850502,15.7757698032941,11.974982626824186
129720000,24.83149729295249,80.34268151893903,16.279424121540217,11.941626129256434
129840000,25.194683875966543,80.2165260858781,15.214829365075826,11.908269631688675
129960000,24.95137341675096,78.7140170098637,16.113858899391705,11.874913134120916
130080000,25.219968970825608,78.26546059562635,16.238956422136802,11.841556636553165
130200000,25.601047317726003,77.86361657999981,16.284874395390197,11.808200138985413
130320000,24.803363639583637,78.62288524300628,15.418505692535057,11.774843641417654
130440000,25.125818831861178,79.41078817745571,16.11903039149374,11.741487143849895
130560000,24.66624417866783,79.23926604660645,15.785014187621151,11.708130646282143
130680000,25.203583483173713,79.01238479793157,16.365761099088093,11.674774148714391
130800000,25.025360592189042,79.04912037604115,16.56452848361046,11.641417651146632
130920000,24.86900156103946,79.38860313241733,15.974827303478202,11.608061153578873
131040000,24.351340974209432,78.55084965166692,16.562651241052542,11.574704656011122
131160000,25.053283665802777,77.91412783312018,16.278754821653223,11.54134815844337
131280000,24.479189848968538,79.09193934714453,16.248489903794574,11.50799166087561
131400000,24.625882526867425,78.53140973871552,16.085681105136715,11.474635163307852
131520000,24.91480885565815,78.43358206459068,17.10445993363748,11.4412786657401
131640000,25.222606067241696,79.75708899282033,15.668291893338628,11.407922168172348
131760000,24.680630665156684,79.65463340668549,16.62133204553231,11.37456567060459
131880000,24.56583858541531,79.08641812409618,16.212141544228082,11.34120917303683
132000000,24.926090806684297,78.10337168350141,17.286419356422275,11.307852675469078
132120000,24.794314555117747,78.8711739670978,16.490656574671448,11.274496177901327
132240000,24.684195685028353,79.33840294504418,16.104149928245853,11.241139680333568
132360000,24.614764997834857,79.14037927796042,16.09095315247053,11.207783182765809
132480000,24.71235942946775,78.92769726908126,17.48610517900612,11.174426685198057
132600000,25.333511950433294,77.2841519202535,16.58340436710693,11.141070187630305
132720000,24.462210371816795,78.69275847269894,16.49343433722468,11.107713690062546
132840000,24.49241976134317,79.15175309794463,17.311578183664942,11.074357192494787
132960000,23.51205565844658,79.93122440278917,17.7687929350405,11.041000694927035
133080000,24.646152300713624,80.35065395733861,16.397224363329666,11.007644197359284
133200000,24.378756449364907,78.86122626884656,17.367222270213436,10.974287699791525
133320000,25.04349302361271,79.87474295705628,18.417039551787223,10.940931202223766
133440000,24.513602520431068,79.97170720110203,16.57017918078292,10.907574704656014
133560000,25.02541212947367,78.62792296885024,16.98242413668424,10.874218207088262
133680000,23.923173266634933,79.59298588555654,16.663538735832727,10.840861709520503
133800000,24.520245714936497,79.08754379733932,16.99605135407915,10.807505211952744
133920000,24.771925122653087,78.40264394727662,17.19687539635284,10.774148714384992
134040000,23.4070142371477,79.31934398314098,17.40564107987001,10.74079221681724
134160000,25.199526070567046,80.41028826329851,16.813898841041503,10.707435719249482
134280000,25.78366966191845,79.31830680543736,17.369194360406443,10.674079221681723
134400000,23.51769599918449,78.2704659462581,16.75666933959568,10.64072272411397
134520000,24.350763194490526,78.95913113477316,17.27609149593011,10.607366226546219
134640000,23.9193858141403,80.17486697279554,17.23369669814602,10.57400972897846
134760000,24.252606279479842,82.09334168474874,16.783433550474758,10.540653231410701
134880000,23.98294657931344,79.8075356510618,17.144669229340742,10.50729673384295
135000000,24.401285299342128,78.56318640543576,17.68470990432811,10.473940236275197
135120000,23.54030234435214,78.24835911517845,16.544936352704674,10.440583738707438
135240000,24.646421274183623,78.62000196969998,17.904688205592606,10.40722724113968
135360000,24.08866701868622,79.18104769745823,17.029776510855744,10.373870743571928
135480000,23.73138221245506,81.17786075252691,17.74596601469142,10.340514246004176
135600000,24.06390539711045,77.04346482837036,17.014733162061166,10.307157748436417
135720000,23.66924808054276,80.49996106948765,17.635920263432,10.273801250868658
135840000,22.894453552998865,79.73030306603016,16.494453926694597,10.240444753300906
135960000,24.100217837055578,79.98439595318216,16.986821981728475,10.207088255733154
136080000,24.310990646750763,80.74136604759929,18.218626429154078,10.173731758165395
136200000,24.90496838935509,79.13689053024528,17.784449760976436,10.140375260597636
136320000,25.111701867703644,80.62562963733086,17.78744660502402,10.107018763029885
136440000,24.628495456204632,78.68315202850266,18.166774019238268,10.073662265462133
136560000,23.60351960183749,79.18834133247336,18.6491221612738,10.040305767894374
136680000,24.134597012135632,79.71916535704823,17.951120398105413,10.006949270326615
136800000,23.724710658524746,80.30695465028487,18.51712186238485,9.973592772758863
136920000,24.68391060392376,81.34286233473615,17.85292106483439,9.940236275191111
137040000,23.975453553804037,79.36586322353295,19.538133207951084,9.906879777623352
137160000,22.96032356344923,80.28647866230952,18.266315694970462,9.873523280055593
137280000,23.605415521204996,78.90124136174158,17.74108717907435,9.840166782487842
137400000,22.316856520955884,80.48199956325897,17.443598629373856,9.80681028492009
137520000,24.163110719043676,78.56282410676519,17.7591521818447,9.77345378735233
137640000,24.13493268622753,80.20318972755042,18.097339547467627,9.740097289784572
137760000,24.307528902500234,79.73662928439322,18.12262324157071,9.70674079221682
137880000,24.803603852828026,79.69328769910604,18.65053413729622,9.673384294649068
138000000,23.527428495753142,79.46345807043119,19.971303546792928,9.64002779708131
138120000,23.772895725778223,77.92024131889416,19.548399124463234,9.60667129951355
138240000,24.148863409976876,78.73834350591432,18.10013674439887,9.573314801945799
138360000,24.212534933366065,79.29520737192617,19.161890474256836,9.539958304378047
138480000,23.902568018816932,80.29922109299895,18.67237483761723,9.506601806810288
138600000,24.632049578795005,80.1999910279624,18.569841364402496,9.473245309242529
138720000,23.691379374152405,81.52945307345138,18.532958747007832,9.439888811674777
138840000,23.994580033560137,80.88346354413801,18.935050996868757,9.406532314107025
138960000,23.786931047574956,78.73804711083578,18.395818153987452,9.373175816539266
139080000,23.085695629049017,80.0238866203646,19.3955997769566,9.339819318971507
139200000,24.42105072607822,80.13410865190902,18.48481941375162,9.306462821403755
139320000,23.51164503763982,80.07490164704281,17.855570215044096,9.273106323836004
139440000,23.776613988260674,80.7101474266884,19.328012434076538,9.239749826268245
139560000,23.691799836723266,81.30802031949942,19.270714170638744,9.206393328700486
139680000,24.028010218818256,79.6888871217592,19.027204213891807,9.173036831132734
139800000,23.848207920431104,81.71838807334504,19.527644185830304,9.139680333564982
139920000,23.178909561172652,80.6058581778966,19.144259124957134,9.106323835997223
140040000,24.372871810942073,80.57886049290501,20.44164181005989,9.072967338429464
140160000,23.298515623486374,77.69020321888351,19.480132564427805,9.039610840861712
140280000,23.409325521689688,81.73594132425394,19.37408217736319,9.00625434329396
140400000,22.975483462031246,79.37082018752672,19.896276440434484,8.972897845726202
140520000,22.96776674839561,82.7261585994078,18.75214774704867,8.939541348158443
140640000,22.643879644663425,80.05160912471237,18.722452587778662,8.90618485059069
140760000,23.163916483916804,81.06700398869965,19.25223850704633,8.872828353022939
140880000,24.137079655786472,80.88987525111435,19.857424902225926,8.83947185545518
141000000,23.565237400607614,81.10638095964106,19.42096892430872,8.806115357887421
141120000,23.66705818073901,80.59466128077179,19.06766103455762,8.77275886031967
141240000,23.725983115147123,80.85018062848268,19.734873310363742,8.739402362751918
141360000,22.805898950631917,78.35448357447189,19.085987831480523,8.706045865184159
141480000,23.24542112708433,79.40145888496163,19.59312893790608,8.6726893676164
141600000,22.8897626230787,80.89472363452171,20.31728449785104,8.639332870048648
141720000,23.251635919535175,80.18732610775577,19.50476998477085,8.605976372480896
141840000,23.463659945613653,81.69809911783767,20.43979274576819,8.572619874913137
141960000,23.84188419812611,79.95023845455391,19.5697952940743,8.539263377345378
142080000,23.340350628009574,81.8886050895623,20.111451294405498,8.505906879777626
142200000,24.33609695766765,82.18709647918413,19.504814067614845,8.472550382209874
142320000,23.706977217284933,79.59118352694342,19.34545954123901,8.439193884642116
142440000,23.560652621719814,81.71251178867108,19.643280593299362,8.405837387074357
142560000,24.174578724767073,79.8105934899425,19.759507647933084,8.372480889506605
142680000,23.32168638621783,80.17246167527085,19.989749461946765,8.339124391938853
142800000,22.518721287359547,78.94109793994316,20.481334130963234,8.305767894371094
142920000,23.19897264173531,81.10471613334418,20.512879358751675,8.272411396803335
143040000,23.609802453942958,79.51188182633489,19.75548261408545,8.239054899235583
143160000,22.98788244546696,79.71411218869741,19.230442314931025,8.205698401667831
143280000,24.611203903945096,80.94990693689678,20.09768013256696,8.172341904100072
143400000,23.153740258088376,82.52918966241639,20.461679772880412,8.138985406532314
143520000,22.860544911667247,79.25614657260878,21.161390406904687,8.105628908964562
143640000,23.242680372830087,78.7197695230914,20.641962327757867,8.07227241139681
143760000,23.17253987183553,81.42386702940172,20.190673181947734,8.038915913829051
143880000,23.396115353256313,82.20953289902077,20.967379274405065,8.005559416261292
144000000,23.609261151434538,80.88194591162936,20.97903536575906,7.97220291869354
144120000,23.246724700861776,80.67604755903537,20.077813617481794,7.938846421125788
144240000,23.22611200923264,81.42452289775036,21.17281934372899,7.905489923558029
144360000,24.008838538091986,79.91195107598776,21.325061432655037,7.87213342599027
144480000,23.25777833246994,83.24247400072984,20.170028621462343,7.838776928422519
144600000,23.34306430784518,81.23564197499742,20.57869899621958,7.805420430854767
144720000,23.345176997342353,81.44480711841433,21.192118026876095,7.772063933287008
144840000,23.415513034539725,80.85419062042926,20.99402463385209,7.738707435719249
144960000,23.018148747354378,80.26176686283672,20.63976622436346,7.705350938151497
145080000,23.31841458964811,82.09149906201735,21.858063137219602,7.671994440583745
145200000,22.978760193712723,80.78519313384909,20.357887172871788,7.638637943015986
145320000,23.44511575352633,81.70793371791001,21.05015224023006,7.605281445448227
145440000,22.685220724436054,81.26083014429078,21.24086495444179,7.5719249478804755
145560000,23.347931595829476,81.91339069840389,20.979177794295982,7.538568450312724
145680000,23.034149662744564,80.7463455652512,21.296579205773863,7.505211952744965
145800000,23.062629140756403,82.28464340946839,20.987370060375714,7.471855455177206
145920000,23.072762902400665,81.19648324450918,20.735556357627015,7.438498957609454
146040000,23.76024601333885,81.09847001922681,21.41178113110633,7.405142460041702
146160000,23.456576470481707,82.08672948319013,21.092433243607907,7.371785962473943
146280000,23.08992588849857,82.13047176041756,20.853768444212378,7.338429464906184
146400000,23.329778203934833,80.95989341352767,21.499362459152135,7.3050729673384325
146520000,22.78599691587371,83.89625478104666,21.392032420556564,7.271716469770681
146640000,22.270034726788758,81.90032741241735,21.995917688549056,7.238359972202922
146760000,23.733446179262817,81.60019730756845,21.33057589885104,7.205003474635163
146880000,22.630837356491,81.21133222361851,21.472707986141298,7.171646977067411
147000000,24.487720074598347,80.97316682829236,21.671463530071023,7.138290479499659
147120000,22.60742053959667,80.68410788147035,21.458826392782797,7.1049339819319
147240000,21.788691037322103,82.30988913781425,21.80157461313818,7.071577484364141
147360000,23.47548424439081,81.55743372573922,22.29297153549008,7.038220986796389
147480000,23.982411609220442,80.55575530859767,20.941782636481612,7.004864489228638
147600000,22.62520142581429,79.19688164065631,21.556422049357593,6.971507991660879
147720000,22.99713296079006,82.08991047690873,22.39004384973392,6.93815149409312
147840000,22.996794165297096,82.65062207566703,21.81257875124476,6.904794996525368
147960000,23.827303073828418,81.39567387593146,22.397049887341883,6.871438498957616
148080000,22.206698666470793,82.10121654042541,21.4004910356619,6.838082001389857
148200000,22.99478941337432,81.96571837911915,22.318799840063296,6.804725503822098
148320000,22.734313225416305,81.82236839578933,21.353281979806543,6.771369006254346
148440000,23.5458425603607,79.65649864152351,22.375102807891594,6.7380125086865945
148560000,24.77781430100935,81.53405890745363,22.07231090557742,6.704656011118836
148680000,23.248964132502593,83.19053579125654,21.73202628578506,6.671299513551077
148800000,23.00094839513093,82.53334463149402,22.371448488289396,6.637943015983325
148920000,22.793185687977164,80.61994820991549,22.66936911664682,6.604586518415573
149040000,24.254369514594938,79.94191202119045,22.658303061064977,6.571230020847814
149160000,24.095762190877146,81.60430879227346,22.660571051028175,6.537873523280055
149280000,22.54913163125538,80.14720961344577,22.680775819162225,6.504517025712303
149400000,21.93276734262938,80.868680857084,22.83810488426759,6.4711605281445514
149520000,22.892680917246693,81.74692618087441,22.044910035026465,6.4378040305767925
149640000,22.226413344575622,80.97279907012432,23.232646591050173,6.404447533009034
149760000,23.78186052096737,82.71878320774226,22.852684576920836,6.371091035441282
149880000,22.514153510532243,81.68502842875478,23.56754827749987,6.33773453787353
150000000,22.587429846913015,83.49481278015546,22.321606268462993,6.304378040305771
150120000,23.44585906863994,83.03872994320874,22.283766175401666,6.271021542738012
150240000,23.365669831861037,81.31818742132994,22.737782530547484,6.23766504517026
150360000,23.515563279132504,82.13432869651565,22.68912648153092,6.204308547602508
150480000,23.049410977091508,82.29778738046618,22.649428236384747,6.1709520500347494
150600000,23.555559120909972,80.94828241124277,24.172864355196474,6.1375955524669905
150720000,23.151537457099366,79.9975293912089,22.581523178054944,6.104239054899239
150840000,22.57445079002609,81.56156828976462,23.565494606336,6.070882557331487
150960000,22.9151224101282,82.04766608541094,23.189689846537306,6.037526059763728
151080000,23.43189865426981,81.95475340972385,23.522251535604873,6.004169562195969
151200000,22.966518024957722,81.71845198842125,23.881613419362317,5.970813064628217
151320000,22.762126483760277,82.79347814961082,24.44557330196965,5.937456567060465
151440000,22.650030052158396,79.25637273309992,23.364772664309587,5.904100069492706
151560000,22.972102576501285,82.1700423462427,23.04366665973885,5.8707435719249474
151680000,22.81503821121713,81.62495396088948,23.51687295394721,5.837387074357196
151800000,22.956837850563865,82.26238236797681,23.378176682303305,5.804030576789444
151920000,23.565718478412116,82.8053265026936,24.006307307186308,5.770674079221685
152040000,22.393420482775763,81.8675886708209,24.01371813085073,5.737317581653926
152160000,23.37558732362406,81.90867507529975,24.62458236427223,5.703961084086174
152280000,23.419905005802722,82.85149603445846,23.780096804578186,5.670604586518422
152400000,23.25119099791905,80.61784551947966,23.934387346958037,5.637248088950663
152520000,23.178419497612897,82.47011267373516,24.546008153769623,5.603891591382904
152640000,22.945754105544257,81.97787519665803,23.798781082432622,5.5705350938151525
152760000,22.852784097329526,81.8744269653148,24.117538604915335,5.537178596247401
152880000,23.094333063650694,82.0812379439416,23.61506982823645,5.503822098679642
153000000,22.951594105152225,82.64463179354254,24.76207105228459,5.470465601111883
153120000,23.54872519607795,80.6641381880015,24.600861802285664,5.437109103544131
153240000,22.58949285117145,81.98017407690449,24.913985862022955,5.403752605976379
153360000,22.179179934318885,82.12921205420442,24.120909071431424,5.37039610840862
153480000,22.596376088200095,81.65430598648798,23.925898409885043,5.337039610840861
153600000,23.0287745938487,84.37315736890676,24.99346325715472,5.3036831132731095
153720000,22.953347078141917,83.7905133461011,24.195495770843607,5.270326615705358
153840000,23.26930082761528,80.74056006335296,24.560284958671932,5.236970118137599
153960000,23.01469560189296,82.65088774463904,25.02303338841147,5.20361362056984
154080000,22.89484844551821,81.75572293673275,24.858997384647594,5.170257123002088
154200000,22.90890240939215,83.04868622313973,24.649322012764188,5.136900625434336
154320000,23.13737990721886,82.36143488210026,24.88657091594289,5.103544127866577
154440000,22.58297175863962,81.01908033487015,24.916155006174357,5.070187630298818
154560000,22.90160997358356,81.94966565227229,26.181913112441862,5.036831132731066
154680000,23.019296035683382,80.94014668557512,25.18264859137071,5.003474635163315
154800000,23.328544782057282,82.06402629884994,25.440636753431054,4.970118137595556
154920000,23.079191558023656,82.00614850948087,24.26467124239354,4.936761640027797
155040000,23.462301572812507,81.29120712822632,24.658559229323266,4.903405142460045
155160000,22.94629368224001,82.48865080725865,25.19814297136472,4.870048644892293
155280000,22.815058217243973,81.24834488134611,25.60080303283378,4.836692147324534
155400000,22.72334149675246,82.97244245236284,25.694254877672254,4.803335649756775
155520000,23.845255758807415,82.32170891312467,25.67033899011375,4.769979152189023
155640000,22.209378480862785,82.78482817653163,26.55491259859292,4.7366226546212715
155760000,22.840353160521833,83.01442156414541,25.908904667339275,4.703266157053513
155880000,23.733971233094135,82.60891682047216,26.33806056447399,4.669909659485754
156000000,22.44515495692455,81.51676925647686,24.868490643447668,4.636553161918002
156120000,22.740714515681532,82.22971343451363,25.377250901657526,4.60319666435025
156240000,22.736408873625056,81.79960301249675,24.917242299836325,4.569840166782491
156360000,22.86113037112794,83.10860358243214,25.47592387302937,4.536483669214732
156480000,23.46005916944941,81.34577153297822,25.394974003587212,4.50312717164698
156600000,23.029860769192318,83.65105296560411,26.038031576686556,4.4697706740792285
156720000,23.084966868721402,83.19145181861795,26.841388528150205,4.4364141765114695
156840000,22.189124110606695,81.57967660756702,25.802379464959948,4.403057678943711
156960000,23.469071657175252,82.58804282608763,26.932691604726536,4.369701181375959
157080000,24.458159723523487,83.94011329529738,25.959091150279917,4.336344683808207
157200000,23.714633856415347,83.74210901213253,25.467762181780824,4.302988186240448
157320000,23.041301989413085,81.83564323050416,26.334883223012277,4.269631688672689
157440000,22.42700668610103,83.21006008575705,25.03478647575568,4.236275191104937
157560000,23.5786242827047,81.39518903273134,26.7416173359304,4.202918693537185
157680000,22.87039299653204,82.9834766402712,26.653660361693174,4.1695621959694265
157800000,23.340961709383254,82.76144546910355,25.844538525565948,4.1362056984016675
157920000,22.599130948799495,82.4566073948986,26.29731244174971,4.102849200833916
158040000,22.76550829619455,82.926141110119,26.0428522076561,4.069492703266164
158160000,24.068823885708824,82.53248995505533,26.30179357547107,4.036136205698405
158280000,23.671713027010806,82.17817546694835,27.264694557706505,4.002779708130646
158400000,23.644854651093922,82.92746384926181,26.621549701910354,3.969423210562894
158520000,22.88692561963565,83.90587919780032,26.454328631057912,3.9360667129951423
158640000,23.97074155988872,82.3314901053987,26.9704867975453,3.9027102154273834
158760000,23.964377479145387,82.35778076141524,26.561128084508272,3.8693537178596245
158880000,22.885176733945325,82.4619405255402,27.921209065553914,3.8359972202918726
159000000,23.156771967586973,83.42334219356876,27.216806332334848,3.802640722724121
159120000,22.83778121114274,82.73133194235719,27.355033189301047,3.769284225156362
159240000,23.876118980399593,82.42148674337437,27.02989181360141,3.735927727588603
159360000,23.920328314477715,82.28503009776918,26.554152757452908,3.702571230020851
159480000,24.334432743817754,85.1765847790675,27.319113924904578,3.6692147324530993
159600000,24.069158296073148,83.7578589027316,27.551437444572358,3.6358582348853403
159720000,23.7045205676238,83.76287877575766,27.642126212036047,3.6025017373175814
159840000,23.474700495650872,81.4815327288533,27.48978909123689,3.5691452397498296
159960000,23.461536244912484,82.14529349114974,28.31948894378465,3.5357887421820777
160080000,22.816697362694615,84.90209931284909,27.84509975022661,3.502432244614319
160200000,22.565824609033232,82.66447084006155,27.09844699891554,3.46907574704656
160320000,23.995924673259104,83.6109784469671,27.323732921236445,3.435719249478808
160440000,22.85990048872081,83.31143911066609,28.4668760106082,3.402362751911056
160560000,23.45151117388962,84.77859715002462,28.611773858050228,3.3690062543432973
160680000,23.645751690089043,83.36633125341751,28.942805918891747,3.3356497567755383
160800000,24.338195628611054,83.71162661681102,27.28344125870618,3.3022932592077865
160920000,23.81308996086682,80.39162696997072,27.72219027673953,3.2689367616400347
161040000,23.232266564086935,83.2228482738686,27.431952205574007,3.2355802640722757
161160000,23.655265744779037,83.83469146630992,27.917325227363186,3.202223766504517
161280000,23.698355868808388,83.26060769374574,27.96074177742181,3.168867268936765
161400000,22.94208204660102,83.33340682108222,28.4374369206654,3.135510771369013
161520000,24.051967815222934,82.83598958582537,27.718218537932675,3.102154273801254
161640000,24.38098880077834,84.19648435963293,29.14036269906037,3.0687977762334953
161760000,24.494841379331096,84.47014331993186,28.27948381496178,3.0354412786657434
161880000,23.67547738368795,84.76422283925487,28.16253198773819,3.0020847810979916
162000000,24.297415503544237,84.73904633272025,29.502019967128337,2.9687282835302327
162120000,23.659348044623467,83.86989282000266,29.723726302294224,2.9353717859624737
162240000,23.567942966805884,82.16746605692342,28.519984570027287,2.902015288394722
162360000,23.83134139955223,83.60229577453599,29.142011592181472,2.86865879082697
162480000,23.68622184573569,80.82336746964921,28.223928988411476,2.835302293259211
162600000,22.58259138595937,84.27574831340335,29.209501732448775,2.801945795691452
162720000,24.896386423667682,83.57160695172566,28.0663507426417,2.7685892981237004
162840000,23.686472773579705,83.61284142092452,29.454251317660585,2.7352328005559485
162960000,23.942084296732272,83.05181822113985,28.931624343076354,2.7018763029881896
163080000,23.07560856576453,84.35845994301016,29.27892023115591,2.6685198054204307
163200000,24.107432364556374,83.99995198947956,30.093798060771814,2.635163307852679
163320000,23.642952461754806,85.0738767042573,29.663306654583653,2.601806810284927
163440000,23.415689075264652,84.0655196073741,28.7538715626963,2.568450312717168
163560000,24.050638989768537,82.57437162325954,28.405666648066468,2.535093815149409
163680000,24.552070039751566,84.0571295225863,29.17379201980882,2.5017373175816573
163800000,23.930391620015456,82.02567784001779,29.562021637118427,2.4683808200139055
163920000,24.57052100226176,82.22499339063589,28.253454332393247,2.4350243224461465
164040000,23.665303854397273,84.20598054464082,30.496704755266215,2.4016678248783876
164160000,22.916762537312668,84.26713330780706,30.18466845533293,2.3683113273106358
164280000,24.5266742142703,83.43155851725912,30.10451125477102,2.334954829742884
164400000,23.713097800705714,83.62657541371745,29.770055744381395,2.301598332175125
164520000,24.46268188264348,83.74843546564404,30.51525621994399,2.268241834607366
164640000,24.380191265912778,84.94935040243362,30.210892067306585,2.2348853370396142
164760000,23.569499865472043,82.79795395541575,31.036946641240867,2.2015288394718624
164880000,25.051812665873527,85.22670514966273,29.935102809058943,2.1681723419041035
165000000,23.7761062387278,84.15098707078364,30.834265031887686,2.1348158443363445
165120000,22.93007502035328,83.73975754989202,30.786341489987844,2.1014593467685927
165240000,23.615027802132648,83.96909909988152,30.44208333573349,2.068102849200841
165360000,24.399190409391927,84.47430232501847,31.17692187020742,2.034746351633082
165480000,24.060578927632328,83.86453485142614,31.07676909928001,2.001389854065323
165600000,23.327374042698278,83.87330309705233,30.82114712505241,1.9680333564975712
165720000,23.77640652533018,83.9817272717233,30.492740597608577,1.9346768589298193
165840000,24.02642079443821,86.2774571762212,30.508912931995038,1.9013203613620604
165960000,23.51317209490834,84.21270589834796,31.311275676521717,1.8679638637943015
166080000,24.35173120297452,84.4520867380524,31.06545158544789,1.8346073662265496
166200000,23.940400482006567,83.01718043692156,32.224342307832536,1.8012508686587978
166320000,24.234820850951436,83.14185128270253,31.06750543059556,1.7678943710910389
166440000,25.389125412212795,86.19022275007698,31.99709529783314,1.73453787352328
166560000,23.517380939188502,82.58151561670512,32.07884689751715,1.701181375955528
166680000,24.179643292733587,84.72354647760338,31.426435849963507,1.6678248783877763
166800000,25.160875235006557,84.5701497492222,30.257717403499747,1.6344683808200173
166920000,24.79024064752416,84.11074551613576,31.44568659390538,1.6011118832522584
167040000,24.504772661054627,84.82844386710444,31.79643163025117,1.5677553856845066
167160000,24.0901273950766,83.63718092830949,32.190765337579144,1.5343988881167547
167280000,23.580814426293536,84.96574498660686,31.642342322948313,1.5010423905489958
167400000,24.47088799339248,84.59399199683467,30.77461807544351,1.4676858929812369
167520000,24.573761871568,85.07897285738,32.9475543010301,1.434329395413485
167640000,24.412722238708888,83.39827368258516,31.781324588555893,1.4009728978457332
167760000,24.205521176187027,85.78289441852986,31.625297617796587,1.3676164002779743
167880000,23.620124323950716,86.3588007634843,31.706383979806514,1.3342599027102153
168000000,24.715308974973958,85.09649391378376,31.73976040512442,1.3009034051424635
168120000,24.164770851891962,85.08920665784886,31.11284404541345,1.2675469075747117
168240000,24.069130687354516,83.22280821656003,32.747841184185724,1.2341904100069527
168360000,24.28646144575875,84.23165060010678,32.69696838220937,1.2008339124391938
168480000,24.513011008110045,81.83094993893724,32.62831828461001,1.167477414871442
168600000,24.16665940106262,83.32159796624144,32.1228565840473,1.1341209173036901
168720000,24.933727745746044,84.60889911482447,32.172090869194626,1.1007644197359312
168840000,24.383943924935217,84.08232115532263,32.84684804627502,1.0674079221681723
168960000,23.863150652501275,84.64982247122897,32.80706335648605,1.0340514246004204
169080000,23.251467520924706,84.15205330200139,32.182996265097245,1.0006949270326686
169200000,24.324787041812364,83.5642864289915,33.020053658115025,0.9673384294649097
169320000,24.134750359512815,83.87751985630217,33.27751228486235,0.9339819318971507
169440000,24.31776962860684,83.03621913948243,33.32284402870395,0.9006254343293989
169560000,24.595590151239264,84.64802588869112,33.73894915099137,0.8672689367616471
169680000,23.81249199673211,85.16191229946183,33.49094899978776,0.8339124391938881
169800000,25.599400584430388,83.62365397930473,33.70770077513722,0.8005559416261292
169920000,24.69323032237699,85.1631759544466,33.48804606590877,0.7671994440583774
170040000,24.49024420344713,84.54367013370825,33.59760458272374,0.7338429464906255
170160000,24.863625232475037,84.64492650368884,33.691673147025035,0.7004864489228666
170280000,24.95278436781768,85.04777933338981,33.415329981909146,0.6671299513551077
170400000,24.366923449766528,82.51789741878727,33.73370422302599,0.6337734537873558
170520000,24.106330823643823,85.58910403150244,33.146246267653126,0.600416956219604
170640000,24.62518640810079,84.83170643359018,34.09691406508026,0.5670604586518451
170760000,24.829555102171273,84.00053509236987,33.2137129261316,0.5337039610840861
170880000,24.06833514487046,84.6328986206059,33.70099828292818,0.5003474635163343
171000000,24.471506653607577,85.72602312311085,34.19513417432001,0.46699096594858247
171120000,24.39480725771553,87.01275435563116,33.887869523336896,0.43363446838082353
171240000,25.547059211458038,84.44888014136077,34.43455588701816,0.4002779708130646
171360000,24.175367733346388,86.53186483844401,34.03716455352401,0.36692147324531277
171480000,25.48741214236463,82.86396625960113,34.49147666427178,0.33356497567756094
171600000,25.666396565579152,84.79573163699264,33.881902998714054,0.300208478109802
171720000,25.193920816512687,84.84077805159451,34.638066377433276,0.26685198054204307
171840000,25.373154596427586,86.45639836077694,33.414722201340545,0.23349548297429124
171960000,24.784017419673575,84.79893115131536,34.399503788459825,0.2001389854065394
172080000,25.363055722300725,84.96035044544823,34.65382936680803,0.16678248783878047
172200000,25.235942279084533,84.32950491136678,34.65850092490004,0.13342599027102153
172320000,24.09903110979986,85.50592562433474,35.29112285398626,0.1000694927032697
172440000,25.439697545935502,83.86109658090027,34.041028726714806,0.06671299513551787
172560000,24.9181504836572,83.77429621794374,35.107887596847625,0.033356497567758936
172680000,25.220763845595936,84.43791882448653,34.74172216790519,0.0
